INSERT INTO Dati_Cliente VALUES ('Novaro68@Novaro@email.com', 'Rosalia', 'Novaro', '1996-12-07', 'F', '+506 425858268');
INSERT INTO Cliente VALUES ('Novaro68@Novaro@email.com', 'H^ecNsS03#Q0', '2020-03-05 17:57:43');
INSERT INTO Dati_Cliente VALUES ('Storladi83@Storladi@email.com', 'Oreste', 'Storladi', '1988-10-13', 'M', '+374 47 751007408');
INSERT INTO Cliente VALUES ('Storladi83@Storladi@email.com', 'w0DTcYk)@l', '2020-04-25 20:51:07');
INSERT INTO Dati_Cliente VALUES ('Ermanno.Einaudi@fastmail.org', 'Ermanno', 'Einaudi', '1982-02-02', 'M', '+66 750469882');
INSERT INTO Cliente VALUES ('Ermanno.Einaudi@fastmail.org', '7@j1ze_y%dZGI9', '2020-03-08 00:54:05');
INSERT INTO Dati_Cliente VALUES ('Santoro68@Santoro@ok.net', 'Annalisa', 'Santoro', '2000-05-11', 'F', '+976 895636093');
INSERT INTO Cliente VALUES ('Santoro68@Santoro@ok.net', 'T(8JXDRt_foyN_&opi(BB', '2020-03-17 18:44:50');
INSERT INTO Dati_Cliente VALUES ('Elisa.Carriera@ok.net', 'Elisa', 'Carriera', '1973-12-02', 'F', '+44 1624 245812739');
INSERT INTO Cliente VALUES ('Elisa.Carriera@ok.net', 'H)8uLzZ5#iR3+7h', '2020-01-12 09:55:07');
INSERT INTO Dati_Cliente VALUES ('Fantini80@Fantini@fastmail.org', 'Guglielmo', 'Fantini', '1994-12-11', 'M', '+505 975929450');
INSERT INTO Cliente VALUES ('Fantini80@Fantini@fastmail.org', '5epsl*oK&JH81SECAO', '2020-04-20 06:51:42');
INSERT INTO Dati_Cliente VALUES ('yhill@example.org', 'Amalia', 'Barzini', '2000-08-16', 'F', '+211 636628795');
INSERT INTO Cliente VALUES ('yhill@example.org', 'o@BJJfE6#&6$nDfU329', '2020-04-05 20:19:50');
INSERT INTO Dati_Cliente VALUES ('Ramona.Caracciolo@ok.net', 'Ramona', 'Caracciolo', '1975-04-06', 'F', '+389 846680782');
INSERT INTO Cliente VALUES ('Ramona.Caracciolo@ok.net', 'f#J8(EJv!Wywr7kN#Y_eZ', '2020-08-06 06:25:00');
INSERT INTO Dati_Cliente VALUES ('Fernanda.Civaschi@email.com', 'Fernanda', 'Civaschi', '1978-12-23', 'F', '+264 235833245');
INSERT INTO Cliente VALUES ('Fernanda.Civaschi@email.com', 'DpDxEN9v#7', '2019-11-21 11:29:03');
INSERT INTO Dati_Cliente VALUES ('Nina.Turci@email.com', 'Nina', 'Turci', '1989-03-22', 'F', '+20 456007154');
INSERT INTO Cliente VALUES ('Nina.Turci@email.com', 'T)7+Pbaod^5n1Ywsg', '2019-12-21 05:46:43');
INSERT INTO Dati_Cliente VALUES ('Toscanini76@Toscanini@ok.net', 'Evangelista', 'Toscanini', '1997-04-13', 'F', '+44 7524 540415435');
INSERT INTO Cliente VALUES ('Toscanini76@Toscanini@ok.net', 'fR+0#(sZ&kH6iF$3KX7pjh', '2020-01-26 11:51:27');
INSERT INTO Dati_Cliente VALUES ('Ivan.Bataglia@email.com', 'Ivan', 'Bataglia', '1986-01-30', 'M', '+682 652736903');
INSERT INTO Cliente VALUES ('Ivan.Bataglia@email.com', 'WCr5SAxz%0', '2020-05-26 22:44:24');
INSERT INTO Dati_Cliente VALUES ('Scarponi97@Scarponi@fastmail.org', 'Daria', 'Scarponi', '1988-06-06', 'F', '+253 016304461');
INSERT INTO Cliente VALUES ('Scarponi97@Scarponi@fastmail.org', '8o4GPSo7&+Y1%%N', '2018-09-14 01:23:50');
INSERT INTO Dati_Cliente VALUES ('Sylvia.Ricolfi@fastmail.org', 'Sylvia', 'Ricolfi', '1999-09-11', 'F', '+254 748361600');
INSERT INTO Cliente VALUES ('Sylvia.Ricolfi@fastmail.org', 'BR++4MNog#G', '2018-10-18 14:55:13');
INSERT INTO Dati_Cliente VALUES ('Gianni.Longhena@email.com', 'Gianni', 'Longhena', '1986-06-22', 'M', '+247 227112903');
INSERT INTO Cliente VALUES ('Gianni.Longhena@email.com', 'YZ6+bJxay*nVWMRItZ0#', '2019-05-11 11:56:45');
INSERT INTO Dati_Cliente VALUES ('Oreste.Rizzoli@email.com', 'Oreste', 'Rizzoli', '1989-06-13', 'M', '+1 242 930582357');
INSERT INTO Cliente VALUES ('Oreste.Rizzoli@email.com', 'JzfwRTz2j%4Ja', '2019-06-21 05:59:57');
INSERT INTO Dati_Cliente VALUES ('Gianpaolo.Giunti@email.com', 'Gianpaolo', 'Giunti', '1980-12-23', 'M', '+255 023771944');
INSERT INTO Cliente VALUES ('Gianpaolo.Giunti@email.com', '@932O2nPWSQMWptbMY', '2019-01-27 16:38:00');
INSERT INTO Dati_Cliente VALUES ('Lollobrigida80@Lollobrigida@ok.net', 'Raimondo', 'Lollobrigida', '1995-12-11', 'M', '+382 913654017');
INSERT INTO Cliente VALUES ('Lollobrigida80@Lollobrigida@ok.net', 'D^4EOEwF@aUAk@p(@', '2019-01-27 06:50:00');
INSERT INTO Dati_Cliente VALUES ('Cossiga81@Cossiga@fastmail.org', 'Ernesto', 'Cossiga', '1987-12-27', 'M', '+370 771495444');
INSERT INTO Cliente VALUES ('Cossiga81@Cossiga@fastmail.org', 'ng63Mvo!_h*', '2020-07-28 06:34:51');
INSERT INTO Dati_Cliente VALUES ('Alessandro.Pertile@email.com', 'Alessandro', 'Pertile', '1988-11-01', NULL, '+389 662375825');
INSERT INTO Cliente VALUES ('Alessandro.Pertile@email.com', 'AIuEnE6Y@RF!xsKFw11', '2020-05-06 04:05:04');
INSERT INTO Dati_Cliente VALUES ('Venancio.Muti@ok.net', 'Venancio', 'Muti', '1981-02-21', 'M', '+420 556184983');
INSERT INTO Cliente VALUES ('Venancio.Muti@ok.net', 'fvQGNI5AS!OK3IOK&$n+r3Xm', '2019-03-08 08:24:40');
INSERT INTO Dati_Cliente VALUES ('Rismondo63@Rismondo@email.com', 'Gabriella', 'Rismondo', '1976-08-23', 'F', '+260 102098453');
INSERT INTO Cliente VALUES ('Rismondo63@Rismondo@email.com', '$fxL^2*qk!qv70xUm!z@Wun%', '2019-06-05 13:34:23');
INSERT INTO Dati_Cliente VALUES ('Carla.Cadorna@email.com', 'Carla', 'Cadorna', '1993-03-27', 'F', '+970 736118618');
INSERT INTO Cliente VALUES ('Carla.Cadorna@email.com', '_(g22g7yFWnGfSoe', '2019-10-01 22:25:50');
INSERT INTO Dati_Cliente VALUES ('Matteotti74@Matteotti@ok.net', 'Stefano', 'Matteotti', '1985-11-16', 'M', '+47 79 921658735');
INSERT INTO Cliente VALUES ('Matteotti74@Matteotti@ok.net', 'Ew%3AJgpp', '2020-01-21 00:15:26');
INSERT INTO Dati_Cliente VALUES ('Pierluigi.Cortese@fastmail.org', 'Pierluigi', 'Cortese', '1998-10-24', 'M', '+45 732931488');
INSERT INTO Cliente VALUES ('Pierluigi.Cortese@fastmail.org', '$tkhrjSQO1QAkCuuzh', '2019-07-06 04:17:17');
INSERT INTO Dati_Cliente VALUES ('Faugno83@Faugno@fastmail.org', 'Silvia', 'Faugno', '2000-04-05', 'F', '+245 183236397');
INSERT INTO Cliente VALUES ('Faugno83@Faugno@fastmail.org', 'DS8O@pCbz+Ik^RQ', '2018-09-22 06:48:34');
INSERT INTO Dati_Cliente VALUES ('Filzi91@Filzi@ok.net', 'Paloma', 'Filzi', '1991-10-03', 'F', '+968 197524364');
INSERT INTO Cliente VALUES ('Filzi91@Filzi@ok.net', '8$i&mKee#X9(e7P', '2019-07-15 09:36:06');
INSERT INTO Dati_Cliente VALUES ('Giuseppina.Sauli@fastmail.org', 'Giuseppina', 'Sauli', '1996-03-19', 'F', '+44 7624 099243881');
INSERT INTO Cliente VALUES ('Giuseppina.Sauli@fastmail.org', 'Ou%tKLhf)!2a', '2020-07-27 13:23:02');
INSERT INTO Dati_Cliente VALUES ('Pasquale.Longhena@ok.net', 'Pasquale', 'Longhena', '1981-07-28', 'M', '+231 175636090');
INSERT INTO Cliente VALUES ('Pasquale.Longhena@ok.net', 'LD6JwOdG@7', '2019-04-25 10:46:21');
INSERT INTO Dati_Cliente VALUES ('Susanna.Morellato@ok.net', 'Susanna', 'Morellato', '1979-04-18', 'F', '+239 279086011');
INSERT INTO Cliente VALUES ('Susanna.Morellato@ok.net', 'D!o2rA7cL@!C3SPA&S9', '2019-08-07 08:46:32');
INSERT INTO Dati_Cliente VALUES ('Oliboni68@Oliboni@email.com', 'Ivo', 'Oliboni', '1997-07-11', 'M', '+882 13 878900754');
INSERT INTO Cliente VALUES ('Oliboni68@Oliboni@email.com', ')h9^VdEwL', '2018-10-15 02:52:48');
INSERT INTO Dati_Cliente VALUES ('Dario.Sollima@ok.net', 'Dario', 'Sollima', '1993-12-22', 'M', '+39 06 698 941261322');
INSERT INTO Cliente VALUES ('Dario.Sollima@ok.net', 'o%#F&h&v$6ZF*Od', '2019-02-16 15:40:41');
INSERT INTO Dati_Cliente VALUES ('Lidia.Toscani@fastmail.org', 'Lidia', 'Toscani', '1994-10-03', 'F', '+808 976207436');
INSERT INTO Cliente VALUES ('Lidia.Toscani@fastmail.org', '^1)DW$EkktWk0', '2019-05-29 00:38:16');
INSERT INTO Dati_Cliente VALUES ('Rodolfo.Chindamo@email.com', 'Rodolfo', 'Chindamo', '1982-04-25', 'M', '+674 985373576');
INSERT INTO Cliente VALUES ('Rodolfo.Chindamo@email.com', 've8dX8GUa2)(*tCi', '2018-12-05 03:32:18');
INSERT INTO Dati_Cliente VALUES ('Porcellato75@Porcellato@fastmail.org', 'Nedda', 'Porcellato', '2001-07-30', 'F', '+507 382923840');
INSERT INTO Cliente VALUES ('Porcellato75@Porcellato@fastmail.org', '8HHvpepE@4', '2019-01-14 03:14:53');
INSERT INTO Dati_Cliente VALUES ('Panzera66@Panzera@ok.net', 'Giacinto', 'Panzera', '1998-07-06', 'M', '+881 1 428146546');
INSERT INTO Cliente VALUES ('Panzera66@Panzera@ok.net', '+C4fAXe0)9', '2018-11-24 08:40:55');
INSERT INTO Dati_Cliente VALUES ('Morellato75@Morellato@fastmail.org', 'Salvatore', 'Morellato', '1986-03-10', 'M', '+44 7911 926351108');
INSERT INTO Cliente VALUES ('Morellato75@Morellato@fastmail.org', 'dJAgsu1Fy^%&h%Pd', '2019-07-21 11:04:12');
INSERT INTO Dati_Cliente VALUES ('Lodovico.Bevilacqua@fastmail.org', 'Lodovico', 'Bevilacqua', '1998-06-28', 'M', '+51 180831658');
INSERT INTO Cliente VALUES ('Lodovico.Bevilacqua@fastmail.org', '+V00VTg)*eWa2*b^!', '2018-12-12 19:40:43');
INSERT INTO Dati_Cliente VALUES ('Tosi96@Tosi@email.com', 'Telemaco', 'Tosi', '1976-12-20', 'M', '+268 275727475');
INSERT INTO Cliente VALUES ('Tosi96@Tosi@email.com', 'gifxI&ie@(l3DNKheN1V@', '2018-10-17 08:45:04');
INSERT INTO Dati_Cliente VALUES ('Stella.Bosio@ok.net', 'Stella', 'Bosio', '1980-06-08', 'F', '+888 991258095');
INSERT INTO Cliente VALUES ('Stella.Bosio@ok.net', '^#R3g6Nkjl+WXqKcRO@', '2020-04-04 04:26:24');
INSERT INTO Dati_Cliente VALUES ('Fabrizio.Bruno@fastmail.org', 'Fabrizio', 'Bruno', '2001-07-29', 'M', '+352 591153475');
INSERT INTO Cliente VALUES ('Fabrizio.Bruno@fastmail.org', '67JZ$i^!)', '2018-08-31 09:10:04');
INSERT INTO Dati_Cliente VALUES ('Nicolò.Castelli@email.com', 'Nicolò', 'Castelli', '2000-10-16', 'M', '+53 427438931');
INSERT INTO Cliente VALUES ('Nicolò.Castelli@email.com', 'xDGqbVf6(P4s*', '2019-01-13 17:24:33');
INSERT INTO Dati_Cliente VALUES ('Marisa.Valguarnera@ok.net', 'Marisa', 'Valguarnera', '1981-08-09', 'F', '+374 97 492208855');
INSERT INTO Cliente VALUES ('Marisa.Valguarnera@ok.net', '@XI0I4rh!4J$G8xT_fS8', '2020-02-02 07:38:42');
INSERT INTO Dati_Cliente VALUES ('Villadicani88@Villadicani@ok.net', 'Imelda', 'Villadicani', '1985-04-26', 'F', '+358 18 946784101');
INSERT INTO Cliente VALUES ('Villadicani88@Villadicani@ok.net', '#kqF23Pn0QbSX3', '2020-03-06 19:21:50');
INSERT INTO Dati_Cliente VALUES ('Lando.Abbagnale@email.com', 'Lando', 'Abbagnale', '1985-09-11', 'M', '+81 910144851');
INSERT INTO Cliente VALUES ('Lando.Abbagnale@email.com', '!Ai7S+eMci5iTyor$6+', '2020-03-28 14:35:41');
INSERT INTO Dati_Cliente VALUES ('Calcedonio.Tozzo@fastmail.org', 'Calcedonio', 'Tozzo', '1983-07-06', 'M', '+1 868 769930024');
INSERT INTO Cliente VALUES ('Calcedonio.Tozzo@fastmail.org', '$!oC++HxPsP1cle', '2020-04-04 18:19:17');
INSERT INTO Dati_Cliente VALUES ('Giustino.Fabbri@fastmail.org', 'Giustino', 'Fabbri', '1980-05-29', 'M', '+213 689717855');
INSERT INTO Cliente VALUES ('Giustino.Fabbri@fastmail.org', '$XLLxNTI&N89Ef', '2019-11-25 04:18:38');
INSERT INTO Dati_Cliente VALUES ('Viridiana.Molesini@email.com', 'Viridiana', 'Molesini', '1981-05-18', 'F', '+970 706360940');
INSERT INTO Cliente VALUES ('Viridiana.Molesini@email.com', 'dzw!R)FW#1MoQ', '2019-01-11 13:57:03');
INSERT INTO Dati_Cliente VALUES ('Emilio.Toscani@ok.net', 'Emilio', 'Toscani', '1980-10-23', 'M', '+254 483565003');
INSERT INTO Cliente VALUES ('Emilio.Toscani@ok.net', 'G565VuFlWY_Ho60eWsL&1', '2019-10-21 08:54:14');
INSERT INTO Dati_Cliente VALUES ('Paolo.Alboni@email.com', 'Paolo', 'Alboni', '1993-08-12', 'M', '+501 031250239');
INSERT INTO Cliente VALUES ('Paolo.Alboni@email.com', '!8Z9s_D0KfGC^c_t_B31DyJ', '2019-08-03 03:02:02');
INSERT INTO Dati_Cliente VALUES ('Travaglio70@Travaglio@fastmail.org', 'Allegra', 'Travaglio', '1996-12-17', 'F', '+967 307992975');
INSERT INTO Cliente VALUES ('Travaglio70@Travaglio@fastmail.org', 'E(17NBw!Z5ag1cos', '2020-02-18 21:35:23');
INSERT INTO Dati_Cliente VALUES ('Lilla.Puglisi@ok.net', 'Lilla', 'Puglisi', '1984-11-21', 'F', '+381 565938778');
INSERT INTO Cliente VALUES ('Lilla.Puglisi@ok.net', 'H!4NptP8hX6Qyl', '2018-10-23 12:18:29');
INSERT INTO Dati_Cliente VALUES ('Loredana.Sabatini@ok.net', 'Loredana', 'Sabatini', '1985-01-13', 'F', '+291 636732605');
INSERT INTO Cliente VALUES ('Loredana.Sabatini@ok.net', 'i6HENu+n$1', '2019-05-20 19:16:40');
INSERT INTO Dati_Cliente VALUES ('riveranicole@example.net', 'Tullio', 'Iannotti', '1984-01-31', 'M', '+856 207663164');
INSERT INTO Cliente VALUES ('riveranicole@example.net', '*s&_v8@tU$YTT^U', '2020-02-03 11:04:18');
INSERT INTO Dati_Cliente VALUES ('Nadia.Venier@ok.net', 'Nadia', 'Venier', '1980-03-11', 'F', '+372 857675712');
INSERT INTO Cliente VALUES ('Nadia.Venier@ok.net', '+cObuW#OW9S!%nqX+(x', '2019-09-14 21:05:39');
INSERT INTO Dati_Cliente VALUES ('Brambilla79@Brambilla@ok.net', 'Paloma', 'Brambilla', '1975-02-04', 'F', '+880 485590977');
INSERT INTO Cliente VALUES ('Brambilla79@Brambilla@ok.net', 'wI!+mycX2X22c1NuY@tlA6am', '2019-03-31 16:01:05');
INSERT INTO Dati_Cliente VALUES ('Fabio.Parri@email.com', 'Fabio', 'Parri', '1982-06-11', NULL, '+257 933008173');
INSERT INTO Cliente VALUES ('Fabio.Parri@email.com', 'RO)&(6Gmy', '2020-01-23 23:15:40');
INSERT INTO Dati_Cliente VALUES ('Antonella.Taccola@ok.net', 'Antonella', 'Taccola', '1986-10-24', 'F', '+508 172009925');
INSERT INTO Cliente VALUES ('Antonella.Taccola@ok.net', '%G0v5YnvN_rW4d', '2019-12-15 10:13:53');
INSERT INTO Dati_Cliente VALUES ('Bova81@Bova@fastmail.org', 'Angelina', 'Bova', '1979-03-14', 'F', '+357 708086259');
INSERT INTO Cliente VALUES ('Bova81@Bova@fastmail.org', '^f5MLoa@H)zZI', '2019-09-28 12:50:22');
INSERT INTO Dati_Cliente VALUES ('Victoria.Perini@email.com', 'Victoria', 'Perini', '1984-09-13', 'F', '+686 048606463');
INSERT INTO Cliente VALUES ('Victoria.Perini@email.com', 'K6MM0Xmt!i(F_EMQ', '2020-03-10 11:23:00');
INSERT INTO Dati_Cliente VALUES ('Beatrice.Tebaldi@ok.net', 'Beatrice', 'Tebaldi', '1979-09-16', 'F', '+376 519230310');
INSERT INTO Cliente VALUES ('Beatrice.Tebaldi@ok.net', '8(N+uvI*jg#qc#uxf', '2019-05-22 13:09:01');
INSERT INTO Dati_Cliente VALUES ('Girolamo.Pastine@fastmail.org', 'Girolamo', 'Pastine', '1989-05-20', 'M', '+352 579430178');
INSERT INTO Cliente VALUES ('Girolamo.Pastine@fastmail.org', 'Pn7ZUtw5DBYi$hs', '2019-01-18 19:44:36');
INSERT INTO Dati_Cliente VALUES ('Ennio.Riccardi@email.com', 'Ennio', 'Riccardi', '1996-02-22', 'M', '+231 451165545');
INSERT INTO Cliente VALUES ('Ennio.Riccardi@email.com', '2^_B9UDyy$l6*', '2019-01-09 08:52:03');
INSERT INTO Dati_Cliente VALUES ('Bonino65@Bonino@ok.net', 'Gianfrancesco', 'Bonino', '1986-11-17', 'M', '+883 807150842');
INSERT INTO Cliente VALUES ('Bonino65@Bonino@ok.net', '1P#*z2Ego40bxnco_6LK0M', '2020-01-13 01:16:35');
INSERT INTO Dati_Cliente VALUES ('Beatrice.Piacentini@fastmail.org', 'Beatrice', 'Piacentini', '1997-09-11', 'F', '+599 9 839894719');
INSERT INTO Cliente VALUES ('Beatrice.Piacentini@fastmail.org', 'n0geTt4p+S&z', '2019-10-29 02:20:49');
INSERT INTO Dati_Cliente VALUES ('Alfredo.Proietti@ok.net', 'Alfredo', 'Proietti', '1991-07-29', 'M', '+374 47 997340956');
INSERT INTO Cliente VALUES ('Alfredo.Proietti@ok.net', 'ekE4H)TD*&6Gt9V', '2019-03-11 21:59:16');
INSERT INTO Dati_Cliente VALUES ('Ottavio.Serao@email.com', 'Ottavio', 'Serao', '1998-07-23', 'M', '+500 100157517');
INSERT INTO Cliente VALUES ('Ottavio.Serao@email.com', 'mn+!WevQ(4N', '2019-03-22 20:02:37');
INSERT INTO Dati_Cliente VALUES ('Gemma.Mondadori@ok.net', 'Gemma', 'Mondadori', '1977-07-01', 'F', '+234 416948090');
INSERT INTO Cliente VALUES ('Gemma.Mondadori@ok.net', 'D@2MiBXu8O', '2018-10-18 12:57:07');
INSERT INTO Dati_Cliente VALUES ('Ettore.Correr@ok.net', 'Ettore', 'Correr', '1994-06-27', 'M', '+995 864282129');
INSERT INTO Cliente VALUES ('Ettore.Correr@ok.net', 'TwEYBjWb!_^)0S', '2019-03-15 19:02:45');
INSERT INTO Dati_Cliente VALUES ('Federica.Cundari@ok.net', 'Federica', 'Cundari', '1995-07-28', 'F', '+1 670 387079148');
INSERT INTO Cliente VALUES ('Federica.Cundari@ok.net', '(u0noryX38H@)GC', '2020-08-17 07:13:50');
INSERT INTO Dati_Cliente VALUES ('Tamburello71@Tamburello@email.com', 'Eleanora', 'Tamburello', '1976-04-22', 'F', '+508 184869762');
INSERT INTO Cliente VALUES ('Tamburello71@Tamburello@email.com', 'PVvpt%s#_u2JCtuseD_Ta', '2019-03-24 11:27:12');
INSERT INTO Dati_Cliente VALUES ('Mazzi68@Mazzi@fastmail.org', 'Beppe', 'Mazzi', '1979-06-04', 'M', '+888 376031412');
INSERT INTO Cliente VALUES ('Mazzi68@Mazzi@fastmail.org', '$8od_Ukj^6', '2019-07-22 12:35:32');
INSERT INTO Dati_Cliente VALUES ('Rosa.Tamburini@fastmail.org', 'Rosa', 'Tamburini', '1997-07-02', 'F', '+687 361604924');
INSERT INTO Cliente VALUES ('Rosa.Tamburini@fastmail.org', '%7e2WKBf2Iux)EaM0oJKE*&', '2020-05-12 10:52:23');
INSERT INTO Dati_Cliente VALUES ('Cutuli86@Cutuli@fastmail.org', 'Laura', 'Cutuli', '1997-07-25', 'F', '+7 6 885643195');
INSERT INTO Cliente VALUES ('Cutuli86@Cutuli@fastmail.org', '+v@RiM#RSv6K(D$', '2020-02-06 18:43:28');
INSERT INTO Dati_Cliente VALUES ('Marisa.Veltroni@fastmail.org', 'Marisa', 'Veltroni', '1976-04-26', 'F', '+500 369541039');
INSERT INTO Cliente VALUES ('Marisa.Veltroni@fastmail.org', '@3pV5IWb$_Z', '2019-10-18 13:32:44');
INSERT INTO Dati_Cliente VALUES ('Ermanno.Eco@ok.net', 'Ermanno', 'Eco', '1985-11-09', 'M', '+252 403827785');
INSERT INTO Cliente VALUES ('Ermanno.Eco@ok.net', '(1Eix5)yG', '2019-10-09 18:46:48');
INSERT INTO Dati_Cliente VALUES ('Morandi71@Morandi@email.com', 'Maria', 'Morandi', '1975-09-01', 'F', '+230 218470922');
INSERT INTO Cliente VALUES ('Morandi71@Morandi@email.com', 'H%D(1uYc', '2020-07-03 04:06:50');
INSERT INTO Dati_Cliente VALUES ('Ammaniti85@Ammaniti@email.com', 'Giuseppina', 'Ammaniti', '1979-08-18', 'F', '+58 810012669');
INSERT INTO Cliente VALUES ('Ammaniti85@Ammaniti@email.com', ')8i6A+Lc', '2019-04-12 22:05:47');
INSERT INTO Dati_Cliente VALUES ('Iannucci72@Iannucci@email.com', 'Imelda', 'Iannucci', '1985-07-11', 'F', '+254 243156244');
INSERT INTO Cliente VALUES ('Iannucci72@Iannucci@email.com', '^hwBKIoi9', '2019-02-09 11:58:56');
INSERT INTO Dati_Cliente VALUES ('Antonelli70@Antonelli@fastmail.org', 'Emma', 'Antonelli', '1980-01-29', 'F', '+56 745894348');
INSERT INTO Cliente VALUES ('Antonelli70@Antonelli@fastmail.org', 'chg&fXdp^4smgbV_RPwb8b', '2020-02-02 19:42:53');
INSERT INTO Dati_Cliente VALUES ('Gelsomina.Finetti@fastmail.org', 'Gelsomina', 'Finetti', '1978-03-31', 'F', '+232 818501169');
INSERT INTO Cliente VALUES ('Gelsomina.Finetti@fastmail.org', '67vz+WS#VZ5im^wL%', '2020-08-04 06:22:51');
INSERT INTO Dati_Cliente VALUES ('Boito76@Boito@ok.net', 'Tonia', 'Boito', '2001-08-08', 'F', '+692 859211313');
INSERT INTO Cliente VALUES ('Boito76@Boito@ok.net', '#plLOlAA+l!C+lj1U&^p4', '2020-07-31 01:55:09');
INSERT INTO Dati_Cliente VALUES ('Donna.Cundari@email.com', 'Donna', 'Cundari', '1986-12-03', 'F', '+679 005800019');
INSERT INTO Cliente VALUES ('Donna.Cundari@email.com', '_NTc$58053qMq_k', '2018-08-31 23:43:01');
INSERT INTO Dati_Cliente VALUES ('Zabarella67@Zabarella@email.com', 'Donatella', 'Zabarella', '1999-08-27', 'F', '+356 642213857');
INSERT INTO Cliente VALUES ('Zabarella67@Zabarella@email.com', 'ess*GHMbe%(Y7Wc&#4hA', '2020-02-23 02:09:12');
INSERT INTO Dati_Cliente VALUES ('Zaira.Cafarchia@ok.net', 'Zaira', 'Cafarchia', '1993-09-28', 'F', '+592 234742943');
INSERT INTO Cliente VALUES ('Zaira.Cafarchia@ok.net', 'km3AbG)s)u', '2020-08-01 23:32:27');
INSERT INTO Dati_Cliente VALUES ('Andreozzi97@Andreozzi@ok.net', 'Giulia', 'Andreozzi', '1992-11-13', 'F', '+354 634828298');
INSERT INTO Cliente VALUES ('Andreozzi97@Andreozzi@ok.net', 'EnAZ6@lvp)2Lvmvd', '2020-02-01 23:01:44');
INSERT INTO Dati_Cliente VALUES ('Govoni93@Govoni@fastmail.org', 'Federica', 'Govoni', '1976-09-27', 'F', '+590 648539541');
INSERT INTO Cliente VALUES ('Govoni93@Govoni@fastmail.org', 'W9N6juW1D#1C*BrrhTuDN', '2020-07-11 21:27:58');
INSERT INTO Dati_Cliente VALUES ('Vincentio.Farinelli@fastmail.org', 'Vincentio', 'Farinelli', '1982-05-25', 'M', '+598 231982730');
INSERT INTO Cliente VALUES ('Vincentio.Farinelli@fastmail.org', ')qLg(+Ko71#hUce*OQ', '2020-03-21 05:16:49');
INSERT INTO Dati_Cliente VALUES ('Galasso.Manacorda@email.com', 'Galasso', 'Manacorda', '1993-01-05', 'M', '+992 204164377');
INSERT INTO Cliente VALUES ('Galasso.Manacorda@email.com', '7l7jU_ux@7', '2019-08-25 16:08:39');
INSERT INTO Dati_Cliente VALUES ('Bottigliero75@Bottigliero@fastmail.org', 'Calcedonio', 'Bottigliero', '1974-12-08', 'M', '+1 869 580391715');
INSERT INTO Cliente VALUES ('Bottigliero75@Bottigliero@fastmail.org', 'HNJ^4Zny_^+7TbMT^bfHmhs', '2020-04-21 15:58:09');
INSERT INTO Dati_Cliente VALUES ('Nicolini92@Nicolini@fastmail.org', 'Allegra', 'Nicolini', '1985-01-02', 'F', '+377 702840065');
INSERT INTO Cliente VALUES ('Nicolini92@Nicolini@fastmail.org', '!sBkMdtp2', '2018-11-09 17:00:11');
INSERT INTO Dati_Cliente VALUES ('Lisa.Martinelli@fastmail.org', 'Lisa', 'Martinelli', '1996-05-03', 'F', '+357 420255318');
INSERT INTO Cliente VALUES ('Lisa.Martinelli@fastmail.org', '+$WE8EFc_g9', '2020-03-19 12:05:33');
INSERT INTO Dati_Cliente VALUES ('Guariento77@Guariento@email.com', 'Paride', 'Guariento', '1981-02-05', 'M', '+1 684 550824926');
INSERT INTO Cliente VALUES ('Guariento77@Guariento@email.com', 'Y*L$n0Zg', '2019-10-22 22:20:10');
INSERT INTO Dati_Cliente VALUES ('Ippazio.Nitti@fastmail.org', 'Ippazio', 'Nitti', '1994-05-09', 'M', '+86 558754080');
INSERT INTO Cliente VALUES ('Ippazio.Nitti@fastmail.org', 'dbZSgJLuNC$$79B%J&', '2019-01-23 09:52:06');
INSERT INTO Dati_Cliente VALUES ('Rosaria.Catenazzi@email.com', 'Rosaria', 'Catenazzi', '1998-04-25', 'F', '+226 334866602');
INSERT INTO Cliente VALUES ('Rosaria.Catenazzi@email.com', 'a5Tu5t8Q*g', '2019-05-02 20:20:39');
INSERT INTO Dati_Cliente VALUES ('Marina.Bottigliero@fastmail.org', 'Marina', 'Bottigliero', '1992-09-01', 'F', '+262 867531118');
INSERT INTO Cliente VALUES ('Marina.Bottigliero@fastmail.org', '%m8gJw%t', '2019-12-17 17:26:58');
INSERT INTO Dati_Cliente VALUES ('Galuppi92@Galuppi@email.com', 'Carla', 'Galuppi', '1977-08-09', 'F', '+1 242 321730086');
INSERT INTO Cliente VALUES ('Galuppi92@Galuppi@email.com', 'mK_2$UnRc^', '2018-11-06 21:04:31');
INSERT INTO Dati_Cliente VALUES ('Lolita.Federico@email.com', 'Lolita', 'Federico', '1985-05-23', 'F', '+51 376254256');
INSERT INTO Cliente VALUES ('Lolita.Federico@email.com', '^BM6pbabD04U%YEO%5', '2020-05-25 02:29:32');
INSERT INTO Dati_Cliente VALUES ('Luzi88@Luzi@email.com', 'Pierluigi', 'Luzi', '1975-09-15', 'M', '+250 270930576');
INSERT INTO Cliente VALUES ('Luzi88@Luzi@email.com', 'Q3*wSgE8KU8)(HMs%Yg', '2019-09-13 21:38:40');
INSERT INTO Dati_Cliente VALUES ('Falier82@Falier@ok.net', 'Jacopo', 'Falier', '1993-05-19', NULL, '+972 751591795');
INSERT INTO Cliente VALUES ('Falier82@Falier@ok.net', 'y7^Bt+#^$n2o', '2019-11-28 19:42:24');
INSERT INTO Compagnia VALUES ('team@AquaJetFerries.com', 'q+7t&ibpOBkgRyiOufoA)35_', '2019-11-28 23:53:16', 'AquaJet Ferries', 'ZSHC');
INSERT INTO Compagnia VALUES ('team@AirLinkExpress.com', '@(xen*2b!6Kh(b@g8txu2hWt', '2020-04-20 19:59:38', 'AirLink Express', 'KSRE');
INSERT INTO Compagnia VALUES ('team@RiverRideCruises.com', 'L@XOYxe3X)bWiLuu7b6mUyxQ', '2019-05-04 07:34:02', 'RiverRide Cruises', 'OERK');
INSERT INTO INFORMAZIONI_BAGAGLI VALUES ('5', '5', NULL);
INSERT INTO INFORMAZIONI_BAGAGLI VALUES ('3', '12', '5');
INSERT INTO INFORMAZIONI_BAGAGLI VALUES ('6', NULL, '10');
INSERT INTO INFORMAZIONI_BAGAGLI VALUES ('4', NULL, '16');
INSERT INTO INFORMAZIONI_BAGAGLI VALUES ('1', '4', NULL);
INSERT INTO INFORMAZIONI_BAGAGLI VALUES ('2', NULL, '19');
INSERT INTO INFORMAZIONI_BAGAGLI VALUES ('0', NULL, '11');
INSERT INTO INFORMAZIONI_BAGAGLI VALUES ('9', '9', '12');
INSERT INTO INFORMAZIONI_BAGAGLI VALUES ('7', '7', NULL);
INSERT INTO Citta VALUES ('24','Aquilonia', 'Italia');
INSERT INTO Citta VALUES ('7','Stazione Morrovalle', 'Italia');
INSERT INTO Citta VALUES ('27','Pompeiana', 'Italia');
INSERT INTO Citta VALUES ('9','Pozzol Groppo', 'Italia');
INSERT INTO Citta VALUES ('3','Fiesso', 'Italia');
INSERT INTO Citta VALUES ('18','Sturla', 'Italia');
INSERT INTO Citta VALUES ('20','Bedero Valcuvia', 'Italia');
INSERT INTO Citta VALUES ('13','Pecol', 'Italia');
INSERT INTO Citta VALUES ('21','San Pietro Clarenza', 'Italia');
INSERT INTO Citta VALUES ('25','Pratantico', 'Italia');
INSERT INTO Citta VALUES ('0','Levaldigi', 'Italia');
INSERT INTO Citta VALUES ('5','Quinto', 'Italia');
INSERT INTO Citta VALUES ('23','Lavinaio', 'Italia');
INSERT INTO Citta VALUES ('17','Salento', 'Italia');
INSERT INTO Citta VALUES ('6','Collepepe', 'Italia');
INSERT INTO Citta VALUES ('19','Vibo Valentia Marina', 'Italia');
INSERT INTO Citta VALUES ('22','San Simone', 'Italia');
INSERT INTO Citta VALUES ('8','Tresnuraghes', 'Italia');
INSERT INTO Citta VALUES ('26','Furtei', 'Italia');
INSERT INTO Citta VALUES ('15','San Fidenzio', 'Italia');
INSERT INTO Citta VALUES ('1','Ospitaletto', 'Italia');
INSERT INTO Citta VALUES ('2','Lei', 'Italia');
INSERT INTO Citta VALUES ('16','Tredozio', 'Italia');
INSERT INTO Citta VALUES ('10','Villaggio Snia', 'Italia');
INSERT INTO Citta VALUES ('28','Cortiglione', 'Italia');
INSERT INTO Citta VALUES ('4','Castel Di Tora', 'Italia');
INSERT INTO Citta VALUES ('11','Branzi', 'Italia');
INSERT INTO Citta VALUES ('12','San Giovanni Profiamma', 'Italia');
INSERT INTO Citta VALUES ('29','Valli Moceniche', 'Italia');
INSERT INTO Citta VALUES ('14','Paggese', 'Italia');
INSERT INTO AGENZIA VALUES ('support@SogniSenzaConfini.com', 'g17_!Jan9^WDy$QK*c', '2022-05-22 11:05:24', 'Sogni Senza Confini', 21, 'Viale Mazzini 37');
INSERT INTO AGENZIA VALUES ('support@GirodelMondoSenzaFine.com', '+1xRhUSKL0EbogY4', '2021-03-13 18:44:19', 'Giro del Mondo Senza Fine', 5, 'Corso Buenos Aires 47');
INSERT INTO AGENZIA VALUES ('support@ViaggiNell''Immaginario.com', '!7XByDjL8EXdOKQx(ZGkZW#@', '2021-08-13 06:48:02', 'Viaggi Nell''Immaginario', 23, 'Corso Buenos Aires 47');
INSERT INTO Polizza VALUES(1,'Polizza di Viaggio Completa','La Polizza di Viaggio Completa è la scelta ideale per chi desidera massima tranquillità durante il proprio viaggio. Questa polizza offre una copertura estesa che si estende ben oltre le situazioni di base, garantendoti una protezione completa.

Copertura Principale:
1. Assistenza Medica all''Estero: La polizza copre le spese mediche necessarie dovute a malattie o infortuni durante il viaggio, inclusa l''evacuazione medica di emergenza in qualsiasi parte del mondo.
2. Annullamento del Viaggio: Se il tuo viaggio viene annullato per qualsiasi motivo, sarai rimborsato per le spese non rimborsabili sostenute per la prenotazione del viaggio.
3. Ritardo o Cancellazione del Volo: In caso di ritardi o cancellazioni dei voli, la polizza ti coprirà per le spese extra sostenute, come alloggio di lusso, pasti e trasporti alternativi.
4. Bagaglio Smarrito o Danneggiato: Se il tuo bagaglio viene smarrito o danneggiato durante il viaggio, la polizza fornirà una copertura completa per il recupero o la sostituzione dei tuoi effetti personali, incluso il valore degli oggetti di valore.
5. Assistenza Legale: Se incontri situazioni legali inaspettate durante il viaggio, questa polizza offre un ampio supporto legale e copre le spese legali.
6. Copertura per Attività Speciali: Questa polizza include coperture speciali per attività avventurose come sport estremi, immersioni subacquee e alpinismo.

Periodo di Copertura: La Polizza di Viaggio Completa è disponibile per il periodo specifico del biaggio
Assistenza 24/7: Siamo disponibili 24 ore al giorno, 7 giorni alla settimana, per fornirti supporto e assistenza in caso di emergenza ovunque tu sia nel mondo.

Con la Polizza di Viaggio Completa, viaggiare diventa un''esperienza senza preoccupazioni, sapendo che sei protetto in qualsiasi situazione imprevista che potresti incontrare durante il tuo viaggio.');
INSERT INTO Polizza VALUES(2,'Polizza di Viaggio Covid19','La Polizza di Viaggio con Copertura COVID-19 è stata progettata per affrontare le sfide specifiche legate alla pandemia di COVID-19 durante i tuoi viaggi. Questa polizza offre una copertura speciale per garantire la tua sicurezza e la tranquillità durante il viaggio in un periodo di incertezza.

Copertura Principale:

1. Copertura per Spese Mediche COVID-19: La polizza copre le spese mediche necessarie dovute al COVID-19 durante il viaggio, inclusi i test diagnostici, il trattamento e, se necessario, l''evacuazione medica.
2. Annullamento del Viaggio a Causa del COVID-19: Se il tuo viaggio viene annullato a causa del COVID-19, sarai rimborsato per le spese non rimborsabili sostenute per la prenotazione del viaggio.
3. Quarantena Obbligatoria: Se sei costretto a sottoporsi a quarantena durante il viaggio a causa del COVID-19, la polizza coprirà le spese extra sostenute, come alloggio e pasti.
4. Assistenza Legale COVID-19: Se incontri situazioni legali inaspettate legate al COVID-19 durante il viaggio, questa polizza può fornire assistenza legale e coprire le spese legali necessarie.

Periodo di Copertura: La Polizza di Viaggio con Copertura COVID-19 è disponibile per il periodo specifico del tuo viaggio e può essere estesa per coprire eventuali cambiamenti nei tuoi piani dovuti al COVID-19.
Assistenza 24/7: Siamo disponibili 24 ore al giorno, 7 giorni alla settimana, per fornirti supporto e assistenza in caso di emergenza legata al COVID-19 durante il viaggio.

Con la Polizza di Viaggio con Copertura COVID-19, puoi esplorare il mondo con la sicurezza di una copertura completa contro gli imprevisti legati alla pandemia.
');
INSERT INTO Polizza VALUES(3,'Polizza di Viaggio Pets','Descrizione: La Polizza di Viaggio per Animali Domestici è pensata per i viaggiatori che desiderano portare con sé i loro amici a quattro zampe. Questa polizza fornisce una copertura speciale per la salute e la sicurezza dei tuoi animali domestici durante il viaggio.

Copertura Principale:
1. Assistenza Medica all''Estero: La polizza copre le spese mediche necessarie dovute a malattie o infortuni durante il viaggio. Questa copertura include anche l''evacuazione medica di emergenza, se necessario.
2. Assistenza Veterinaria all''Estero: La polizza copre le spese veterinarie necessarie dovute a malattie o infortuni del tuo animale domestico durante il viaggio, inclusa la possibilità di visite presso le cliniche veterinarie locali.
3. Annullamento del Viaggio a Causa dell''Animale Domestico: Se devi annullare il viaggio a causa di un infortunio o una malattia del tuo animale domestico, sarai rimborsato per le spese non rimborsabili sostenute per la prenotazione del viaggio.
4. Custodia Temporanea dell''Animale: Se, a seguito di un infortunio o di un problema di salute, non puoi prenderti cura del tuo animale domestico durante il viaggio, la polizza coprirà le spese relative alla custodia temporanea.
5. Assistenza Legale: Se incontri situazioni legali inaspettate riguardanti te o il tuo animale domestico durante il viaggio, questa polizza può fornire assistenza legale e coprire le spese legali necessarie.

Periodo di Copertura: La Polizza di Viaggio per Animali Domestici è disponibile per il periodo specifico del tuo viaggio.
Assistenza 24/7: Siamo disponibili 24 ore al giorno, 7 giorni alla settimana, per fornirti supporto e assistenza in caso di emergenza legata al tuo animale domestico durante il viaggio.

Con la Polizza di Viaggio per Animali Domestici, puoi goderti il tuo viaggio con la sicurezza di avere il benessere del tuo amico peloso al centro delle tue preoccupazioni.
');
INSERT INTO Polizza VALUES(0,'Polizza di Viaggio Base','La Polizza di Viaggio Base è progettata per offrire una copertura essenziale e affidabile durante il tuo viaggio. Che tu stia pianificando una vacanza breve o un''avventura più lunga, questa polizza ti fornisce la tranquillità di sapere che sei protetto contro una serie di imprevisti.

Copertura Principale:
1. Assistenza Medica all''Estero: La polizza copre le spese mediche necessarie dovute a malattie o infortuni durante il viaggio. Questa copertura include anche l''evacuazione medica di emergenza, se necessario.
2. Annullamento del Viaggio: Se il tuo viaggio viene annullato per motivi coperti dalla polizza, sarai rimborsato per le spese non rimborsabili sostenute per la prenotazione del viaggio.
3. Ritardo o Cancellazione del Volo: In caso di ritardi o cancellazioni dei voli, la polizza ti coprirà per le spese extra sostenute, come alloggio e pasti.
4. Bagaglio Smarrito o Danneggiato: Se il tuo bagaglio viene smarrito o danneggiato durante il viaggio, la polizza fornirà una copertura per il suo recupero o la sostituzione dei tuoi effetti personali.
5. Assistenza Legale: Se incontri situazioni legali inaspettate durante il viaggio, questa polizza può fornire assistenza legale e coprire le spese legali necessarie.

Periodo di Copertura: La polizza di viaggio base è disponibile per un periodo specifico che puoi selezionare in base alle tue esigenze. È possibile scegliere una copertura per un singolo viaggio o una copertura multi-viaggio valida per un anno intero.
Assistenza 24/7: Siamo disponibili 24 ore al giorno, 7 giorni alla settimana, per fornirti supporto e assistenza in caso di emergenza ovunque tu sia nel mondo.
Pacchetto Fondamentale per la Sicurezza: La Polizza di Viaggio Base è il tuo compagno fidato per garantire una protezione fondamentale durante il viaggio. Con tariffe accessibili e una copertura essenziale, puoi viaggiare con fiducia sapendo che sei protetto in caso di imprevisti.

Ti consigliamo di esaminare attentamente i dettagli del contratto e le condizioni di copertura specifiche per garantire che soddisfi tutte le tue esigenze e aspettative durante il viaggio.
');
INSERT INTO DESCRIZIONE VALUES (0, 'Viaggio Culturale', 'Immergiti nella storia e nella cultura locale visitando siti storici, musei e partecipando a eventi culturali.');
INSERT INTO DESCRIZIONE VALUES (1, 'Solo alloggio e trasporto', 'Alloggio e trasporto garantiti. Destinazione città di mare, con belissime spiagge.');
INSERT INTO DESCRIZIONE VALUES (2, 'Avventura in Montagna', 'Affronta escursioni alpine, goditi panorami mozzafiato e accampati sotto le stelle.');
INSERT INTO DESCRIZIONE VALUES (3, 'Tour Culturale', 'Immergiti nella cultura di una destinazione, visita luoghi storici, musei e assisti a spettacoli locali.');
INSERT INTO DESCRIZIONE VALUES (4, 'Spiaggia & Mare', 'Luogo famoso per le sue spiaggie cristalline.');
INSERT INTO DESCRIZIONE VALUES (5, 'Città e Storia', 'Immergiti nella storia e nella cultura di una delle città Italiane più importanti del XI° secolo.');
INSERT INTO DESCRIZIONE VALUES (6, 'Mare', 'Goditi il mare del Salento!');
INSERT INTO DESCRIZIONE VALUES (7, '', 'pacchetto');
INSERT INTO DESCRIZIONE VALUES (8, '', 'pacchetto');
INSERT INTO DESCRIZIONE VALUES (9, '', 'pacchetto');
INSERT INTO DESCRIZIONE VALUES (10, '', 'pacchetto');
INSERT INTO DESCRIZIONE VALUES (11, '', 'pacchetto');
INSERT INTO DESCRIZIONE VALUES (12, '', 'pacchetto');
INSERT INTO DESCRIZIONE VALUES (13, '', 'pacchetto');
INSERT INTO DESCRIZIONE VALUES (14, '', 'pacchetto');
INSERT INTO DESCRIZIONE VALUES (15, '', '');
INSERT INTO DESCRIZIONE VALUES (16, '', '');
INSERT INTO DESCRIZIONE VALUES (17, '', '');
INSERT INTO DESCRIZIONE VALUES (18, '', '');
INSERT INTO DESCRIZIONE VALUES (19, '', '');
INSERT INTO DESCRIZIONE VALUES (20, '', '');
INSERT INTO DESCRIZIONE VALUES (21, '', '');
INSERT INTO ALLOGGIO VALUES (1, 'Appartamento Serenità', NULL, 'Appartamento', 17, 'Via Manzoni 78');
INSERT INTO ALLOGGIO VALUES (2, 'Hotel La Cascata', '3', 'Hotel', 18, 'Piazza San Marco 7');
INSERT INTO ALLOGGIO VALUES (9, 'Appartamento del Sole', NULL, 'Appartamento', 16, 'Via Roma 120');
INSERT INTO ALLOGGIO VALUES (11, 'Appartamento Vista Incantata', NULL, 'Appartamento', 21, 'Corso Vittorio Emanuele 68');
INSERT INTO ALLOGGIO VALUES (15, 'Villetta Solemar', NULL, 'Casa', 19, 'Via Roma 120');
INSERT INTO ALLOGGIO VALUES (22, 'Suite Notte Stellata', '1', 'Suite', 18, 'Via Giuseppe Verdi 71');
INSERT INTO ALLOGGIO VALUES (22, 'Appartamento La Brezza', NULL, 'Appartamento', 15, 'Via dei Mille 95');
INSERT INTO PACCHETTO_VIAGGIO VALUES(0, 700.33, 4, 2, '2024-06-13', '2024-06-21', 'support@GirodelMondoSenzaFine.com', 1, 2, 1, 'Appartamento Serenità');
INSERT INTO PACCHETTO_VIAGGIO VALUES(1, 895.64, 1, 6, '2021-01-21', '2021-02-01', 'support@GirodelMondoSenzaFine.com', 0, 13, 2, 'Hotel La Cascata');
INSERT INTO PACCHETTO_VIAGGIO VALUES(2, 442.95, 4, 3, '2019-10-27', '2019-11-06', 'support@ViaggiNell''Immaginario.com', 0, 2, 22, 'Suite Notte Stellata');
INSERT INTO PACCHETTO_VIAGGIO VALUES(3, 624.91, 1, 6, '2020-01-04', '2020-01-14', 'support@GirodelMondoSenzaFine.com', 1, 0, 9, 'Appartamento del Sole');
INSERT INTO PACCHETTO_VIAGGIO VALUES(4, 700.28, 3, 6, '2024-03-12', '2024-03-22', 'support@ViaggiNell''Immaginario.com', 1, 5, 1, 'Appartamento Serenità');
INSERT INTO PACCHETTO_VIAGGIO VALUES(5, 1224.26, 4, 7, '2021-01-14', '2021-01-19', 'support@ViaggiNell''Immaginario.com', 2, 8, 1, 'Appartamento Serenità');
INSERT INTO PACCHETTO_VIAGGIO VALUES(6, 1291.94, 3, 5, '2024-07-31', '2024-08-10', 'support@SogniSenzaConfini.com', 2, 13, 1, 'Appartamento Serenità');
INSERT INTO PACCHETTO_VIAGGIO VALUES(7, 1174.08, 1, 5, '2020-12-21', '2020-12-26', 'support@GirodelMondoSenzaFine.com', 0, 9, 22, 'Suite Notte Stellata');
INSERT INTO PACCHETTO_VIAGGIO VALUES(8, 1284.72, 4, 5, '2020-04-28', '2020-05-04', 'support@SogniSenzaConfini.com', 0, 7, 15, 'Villetta Solemar');
INSERT INTO PACCHETTO_VIAGGIO VALUES(9, 464.89, 4, 6, '2020-11-03', '2020-11-14', 'support@GirodelMondoSenzaFine.com', 0, 3, 2, 'Hotel La Cascata');
INSERT INTO PACCHETTO_VIAGGIO VALUES(10, 885.94, 2, 6, '2020-12-09', '2020-12-19', 'support@GirodelMondoSenzaFine.com', 0, 5, 11, 'Appartamento Vista Incantata');
INSERT INTO PACCHETTO_VIAGGIO VALUES(11, 902.75, 2, 4, '2024-04-24', '2024-05-02', 'support@GirodelMondoSenzaFine.com', 2, 13, 1, 'Appartamento Serenità');
INSERT INTO PACCHETTO_VIAGGIO VALUES(12, 670.66, 2, 1, '2021-03-30', '2021-04-08', 'support@ViaggiNell''Immaginario.com', 1, 8, 2, 'Hotel La Cascata');
INSERT INTO PACCHETTO_VIAGGIO VALUES(13, 1364.78, 1, 2, '2023-02-13', '2023-02-22', 'support@SogniSenzaConfini.com', 2, 4, 2, 'Hotel La Cascata');
INSERT INTO PACCHETTO_VIAGGIO VALUES(14, 1173.08, 3, 7, '2022-12-18', '2022-12-27', 'support@GirodelMondoSenzaFine.com', 2, 9, 22, 'Suite Notte Stellata');
INSERT INTO AEROPORTO VALUES ('SDKK', '29');
INSERT INTO AEROPORTO VALUES ('GLIN', '22');
INSERT INTO AEROPORTO VALUES ('ELOB', '3');
INSERT INTO AEROPORTO VALUES ('YHLB', '12');
INSERT INTO AEROPORTO VALUES ('QBRO', '11');
INSERT INTO AEROPORTO VALUES ('BVUF', '4');
INSERT INTO AEROPORTO VALUES ('LPCC', '21');
INSERT INTO AEROPORTO VALUES ('ZEJK', '28');
INSERT INTO AEROPORTO VALUES ('CESE', '2');
INSERT INTO AEROPORTO VALUES ('HPJV', '19');
INSERT INTO AEROPORTO VALUES ('URTU', '13');
INSERT INTO AEROPORTO VALUES ('CQJM', '1');
INSERT INTO AEROPORTO VALUES ('OVTU', '8');
INSERT INTO AEROPORTO VALUES ('BMHO', '25');
INSERT INTO AEROPORTO VALUES ('GJRO', '18');
INSERT INTO AEROPORTO VALUES ('VLZJ', '16');
INSERT INTO AEROPORTO VALUES ('SKOU', '6');
INSERT INTO AEROPORTO VALUES ('HCMN', '14');
INSERT INTO AEROPORTO VALUES ('HXZD', '5');
INSERT INTO AEROPORTO VALUES ('TCKF', '23');
INSERT INTO AEROPORTO VALUES ('RFIH', '27');
INSERT INTO AEROPORTO VALUES ('XJHI', '10');
INSERT INTO AEROPORTO VALUES ('XPEE', '15');
INSERT INTO VOLO VALUES(0, 'Business', 'Aeroporto', 1.5, 'team@RiverRideCruises.com', 'SDKK', '2019-10-27 11:46:57', 'GLIN', '2019-10-27 21:46:57', 0);
INSERT INTO VOLO VALUES(2, 'Economy Standard', 'Aeroporto', 1.0, 'team@AirLinkExpress.com', 'ELOB', '2019-10-27 06:44:52', 'GLIN', '2019-10-27 08:44:52', 4);
INSERT INTO VOLO VALUES(4, 'Business Deluxe', 'Aeroporto', 1.8, 'team@AquaJetFerries.com', 'YHLB', '2019-10-27 15:25:04', 'GLIN', '2019-10-27 17:25:04', 4);
INSERT INTO VOLO VALUES(6, 'Economy', 'Aeroporto', 1.0, 'team@AquaJetFerries.com', 'QBRO', '2019-10-27 01:11:37', 'GLIN', '2019-10-27 08:11:37', 9);
INSERT INTO VOLO VALUES(8, 'Prima Classe', 'Online', 2.0, 'team@RiverRideCruises.com', 'BVUF', '2019-10-27 05:16:56', 'GLIN', '2019-10-27 07:16:56', 0);
INSERT INTO VOLO VALUES(10, 'Economy Standard', 'Online', 1.0, 'team@AirLinkExpress.com', 'LPCC', '2019-10-27 00:21:55', 'GLIN', '2019-10-27 08:21:55', 0);
INSERT INTO VOLO VALUES(12, 'Business Deluxe', 'Aeroporto', 1.8, 'team@AquaJetFerries.com', 'ZEJK', '2019-10-27 10:59:23', 'GLIN', '2019-10-27 13:59:23', 9);
INSERT INTO VOLO VALUES(14, 'Business Deluxe', 'Online', 1.8, 'team@AirLinkExpress.com', 'ELOB', '2019-10-27 19:00:00', 'GLIN', '2019-10-27 21:00:00', 4);
INSERT INTO VOLO VALUES(16, 'Economy', 'Online', 1.0, 'team@AirLinkExpress.com', 'CESE', '2019-10-27 04:31:57', 'GLIN', '2019-10-27 11:31:57', 2);
INSERT INTO VOLO VALUES(18, 'Economy Standard', 'Online', 1.0, 'team@AirLinkExpress.com', 'SDKK', '2019-10-27 16:26:38', 'GLIN', '2019-10-27 21:26:38', 1);
INSERT INTO VOLO VALUES(20, 'Premium Economy', 'Aeroporto', 1.2, 'team@AirLinkExpress.com', 'HPJV', '2019-10-27 15:20:55', 'GLIN', '2019-10-28 01:20:55', 0);
INSERT INTO VOLO VALUES(22, 'Economy Plus', 'Online', 1.1, 'team@AquaJetFerries.com', 'URTU', '2019-10-27 14:24:24', 'GLIN', '2019-10-27 21:24:24', 4);
INSERT INTO VOLO VALUES(24, 'Economy Standard', 'Online', 1.0, 'team@RiverRideCruises.com', 'CQJM', '2019-10-27 01:28:37', 'GLIN', '2019-10-27 03:28:37', 0);
INSERT INTO VOLO VALUES(26, 'Business Deluxe', 'Online', 1.8, 'team@RiverRideCruises.com', 'OVTU', '2019-10-27 08:57:01', 'GLIN', '2019-10-27 14:57:01', 9);
INSERT INTO VOLO VALUES(28, 'Prima Classe', 'Aeroporto', 2.0, 'team@AirLinkExpress.com', 'HPJV', '2019-10-27 00:04:46', 'GLIN', '2019-10-27 05:04:46', 0);
INSERT INTO VOLO VALUES(30, 'Business', 'Online', 1.5, 'team@AirLinkExpress.com', 'CESE', '2019-10-27 12:33:55', 'GLIN', '2019-10-27 19:33:55', 2);
INSERT INTO VOLO VALUES(32, 'Economy Standard', 'Aeroporto', 1.0, 'team@RiverRideCruises.com', 'BMHO', '2019-10-27 18:43:50', 'GLIN', '2019-10-27 23:43:50', 2);
INSERT INTO VOLO VALUES(34, 'Prima Classe', 'Online', 2.0, 'team@AquaJetFerries.com', 'HPJV', '2019-10-27 07:04:35', 'GLIN', '2019-10-27 10:04:35', 2);
INSERT INTO VOLO VALUES(36, 'Economy', 'Aeroporto', 1.0, 'team@RiverRideCruises.com', 'ZEJK', '2019-10-27 18:57:25', 'GLIN', '2019-10-27 22:57:25', 2);
INSERT INTO VOLO VALUES(38, 'Prima Classe', 'Aeroporto', 2.0, 'team@AquaJetFerries.com', 'OVTU', '2019-10-27 10:40:01', 'GLIN', '2019-10-27 16:40:01', 0);
INSERT INTO VOLO VALUES(40, 'Economy', 'Online', 1.0, 'team@AquaJetFerries.com', 'GJRO', '2019-10-27 04:37:14', 'GLIN', '2019-10-27 05:37:14', 5);
INSERT INTO VOLO VALUES(42, 'Premium Economy', 'Online', 1.2, 'team@RiverRideCruises.com', 'VLZJ', '2019-10-27 08:46:30', 'GLIN', '2019-10-27 12:46:30', 9);
INSERT INTO VOLO VALUES(44, 'Economy Plus', 'Online', 1.1, 'team@AirLinkExpress.com', 'HPJV', '2019-10-27 21:05:42', 'GLIN', '2019-10-28 03:05:42', 9);
INSERT INTO VOLO VALUES(46, 'Prima Classe', 'Aeroporto', 2.0, 'team@AquaJetFerries.com', 'GJRO', '2019-10-27 06:03:30', 'GLIN', '2019-10-27 07:03:30', 7);
INSERT INTO VOLO VALUES(48, 'Business', 'Online', 1.5, 'team@AquaJetFerries.com', 'SKOU', '2019-10-27 11:36:19', 'GLIN', '2019-10-27 19:36:19', 5);
INSERT INTO VOLO VALUES(50, 'Economy Standard', 'Online', 1.0, 'team@RiverRideCruises.com', 'BMHO', '2019-10-27 05:08:39', 'GLIN', '2019-10-27 09:08:39', 7);
INSERT INTO VOLO VALUES(52, 'Business Deluxe', 'Online', 1.8, 'team@AirLinkExpress.com', 'HCMN', '2019-10-27 13:41:05', 'GLIN', '2019-10-27 19:41:05', 5);
INSERT INTO VOLO VALUES(54, 'Premium Economy', 'Online', 1.2, 'team@AquaJetFerries.com', 'HXZD', '2019-10-27 03:53:48', 'GLIN', '2019-10-27 07:53:48', 1);
INSERT INTO VOLO VALUES(56, 'Economy Standard', 'Aeroporto', 1.0, 'team@AquaJetFerries.com', 'TCKF', '2019-10-27 11:41:38', 'GLIN', '2019-10-27 21:41:38', 1);
INSERT INTO VOLO VALUES(58, 'Business Deluxe', 'Online', 1.8, 'team@AquaJetFerries.com', 'RFIH', '2019-10-27 14:31:25', 'GLIN', '2019-10-27 19:31:25', 9);
INSERT INTO VOLO VALUES(60, 'Premium Economy', 'Online', 1.2, 'team@AquaJetFerries.com', 'XJHI', '2019-10-27 06:24:38', 'GLIN', '2019-10-27 13:24:38', 0);
INSERT INTO VOLO VALUES(62, 'Economy', 'Aeroporto', 1.0, 'team@AirLinkExpress.com', 'XPEE', '2019-10-27 17:39:33', 'GLIN', '2019-10-27 19:39:33', 3);
INSERT INTO VOLO VALUES(1, 'Prima Classe', 'Aeroporto', 2.0, 'team@AirLinkExpress.com', 'GLIN', '2019-11-06 16:20:37', 'SDKK', '2019-11-07 02:20:37', 0);
INSERT INTO VOLO VALUES(3, 'Economy Plus', 'Online', 1.1, 'team@AirLinkExpress.com', 'GLIN', '2019-11-06 15:24:37', 'ELOB', '2019-11-06 17:24:37', 4);
INSERT INTO VOLO VALUES(5, 'Economy Plus', 'Online', 1.1, 'team@RiverRideCruises.com', 'GLIN', '2019-11-06 04:39:39', 'YHLB', '2019-11-06 06:39:39', 4);
INSERT INTO VOLO VALUES(7, 'Business', 'Online', 1.5, 'team@AquaJetFerries.com', 'GLIN', '2019-11-06 08:37:09', 'QBRO', '2019-11-06 15:37:09', 9);
INSERT INTO VOLO VALUES(9, 'Prima Classe', 'Online', 2.0, 'team@AquaJetFerries.com', 'GLIN', '2019-11-06 19:54:41', 'BVUF', '2019-11-06 21:54:41', 0);
INSERT INTO VOLO VALUES(11, 'Business Deluxe', 'Aeroporto', 1.8, 'team@AirLinkExpress.com', 'GLIN', '2019-11-06 13:54:39', 'LPCC', '2019-11-06 21:54:39', 0);
INSERT INTO VOLO VALUES(13, 'Prima Classe', 'Online', 2.0, 'team@AquaJetFerries.com', 'GLIN', '2019-11-06 00:09:57', 'ZEJK', '2019-11-06 03:09:57', 9);
INSERT INTO VOLO VALUES(15, 'Economy Standard', 'Online', 1.0, 'team@RiverRideCruises.com', 'GLIN', '2019-11-06 13:05:58', 'ELOB', '2019-11-06 15:05:58', 4);
INSERT INTO VOLO VALUES(17, 'Economy Plus', 'Aeroporto', 1.1, 'team@RiverRideCruises.com', 'GLIN', '2019-11-06 04:13:13', 'CESE', '2019-11-06 11:13:13', 2);
INSERT INTO VOLO VALUES(19, 'Prima Classe', 'Online', 2.0, 'team@AirLinkExpress.com', 'GLIN', '2019-11-06 08:33:18', 'SDKK', '2019-11-06 13:33:18', 1);
INSERT INTO VOLO VALUES(21, 'Economy Standard', 'Online', 1.0, 'team@RiverRideCruises.com', 'GLIN', '2019-11-06 17:13:44', 'HPJV', '2019-11-07 03:13:44', 0);
INSERT INTO VOLO VALUES(23, 'Prima Classe', 'Online', 2.0, 'team@RiverRideCruises.com', 'GLIN', '2019-11-06 10:48:39', 'URTU', '2019-11-06 17:48:39', 4);
INSERT INTO VOLO VALUES(25, 'Business Deluxe', 'Online', 1.8, 'team@RiverRideCruises.com', 'GLIN', '2019-11-06 07:48:46', 'CQJM', '2019-11-06 09:48:46', 0);
INSERT INTO VOLO VALUES(27, 'Premium Economy', 'Online', 1.2, 'team@RiverRideCruises.com', 'GLIN', '2019-11-06 22:00:02', 'OVTU', '2019-11-07 04:00:02', 9);
INSERT INTO VOLO VALUES(29, 'Business', 'Aeroporto', 1.5, 'team@AquaJetFerries.com', 'GLIN', '2019-11-06 10:06:36', 'HPJV', '2019-11-06 15:06:36', 0);
INSERT INTO VOLO VALUES(31, 'Economy Plus', 'Aeroporto', 1.1, 'team@AirLinkExpress.com', 'GLIN', '2019-11-06 11:17:28', 'CESE', '2019-11-06 18:17:28', 2);
INSERT INTO VOLO VALUES(33, 'Business', 'Online', 1.5, 'team@AquaJetFerries.com', 'GLIN', '2019-11-06 13:20:41', 'BMHO', '2019-11-06 18:20:41', 2);
INSERT INTO VOLO VALUES(35, 'Economy Plus', 'Online', 1.1, 'team@AquaJetFerries.com', 'GLIN', '2019-11-06 19:49:17', 'HPJV', '2019-11-06 22:49:17', 2);
INSERT INTO VOLO VALUES(37, 'Business', 'Online', 1.5, 'team@AirLinkExpress.com', 'GLIN', '2019-11-06 05:40:25', 'ZEJK', '2019-11-06 09:40:25', 2);
INSERT INTO VOLO VALUES(39, 'Economy Standard', 'Online', 1.0, 'team@AirLinkExpress.com', 'GLIN', '2019-11-06 16:07:02', 'OVTU', '2019-11-06 22:07:02', 0);
INSERT INTO VOLO VALUES(41, 'Prima Classe', 'Aeroporto', 2.0, 'team@AquaJetFerries.com', 'GLIN', '2019-11-06 15:36:32', 'GJRO', '2019-11-06 16:36:32', 5);
INSERT INTO VOLO VALUES(43, 'Economy Plus', 'Online', 1.1, 'team@AquaJetFerries.com', 'GLIN', '2019-11-06 08:21:18', 'VLZJ', '2019-11-06 12:21:18', 9);
INSERT INTO VOLO VALUES(45, 'Economy Plus', 'Online', 1.1, 'team@RiverRideCruises.com', 'GLIN', '2019-11-06 06:02:21', 'HPJV', '2019-11-06 12:02:21', 9);
INSERT INTO VOLO VALUES(47, 'Prima Classe', 'Online', 2.0, 'team@AirLinkExpress.com', 'GLIN', '2019-11-06 09:41:49', 'GJRO', '2019-11-06 10:41:49', 7);
INSERT INTO VOLO VALUES(49, 'Economy', 'Online', 1.0, 'team@AirLinkExpress.com', 'GLIN', '2019-11-06 06:18:32', 'SKOU', '2019-11-06 14:18:32', 5);
INSERT INTO VOLO VALUES(51, 'Premium Economy', 'Aeroporto', 1.2, 'team@RiverRideCruises.com', 'GLIN', '2019-11-06 03:24:48', 'BMHO', '2019-11-06 07:24:48', 7);
INSERT INTO VOLO VALUES(53, 'Prima Classe', 'Online', 2.0, 'team@RiverRideCruises.com', 'GLIN', '2019-11-06 19:19:56', 'HCMN', '2019-11-07 01:19:56', 5);
INSERT INTO VOLO VALUES(55, 'Prima Classe', 'Online', 2.0, 'team@AirLinkExpress.com', 'GLIN', '2019-11-06 03:52:39', 'HXZD', '2019-11-06 07:52:39', 1);
INSERT INTO VOLO VALUES(57, 'Business', 'Online', 1.5, 'team@AquaJetFerries.com', 'GLIN', '2019-11-06 07:57:48', 'TCKF', '2019-11-06 17:57:48', 1);
INSERT INTO VOLO VALUES(59, 'Business Deluxe', 'Online', 1.8, 'team@AquaJetFerries.com', 'GLIN', '2019-11-06 02:30:48', 'RFIH', '2019-11-06 07:30:48', 9);
INSERT INTO VOLO VALUES(61, 'Business Deluxe', 'Online', 1.8, 'team@AquaJetFerries.com', 'GLIN', '2019-11-06 15:10:54', 'XJHI', '2019-11-06 22:10:54', 0);
INSERT INTO VOLO VALUES(63, 'Economy', 'Aeroporto', 1.0, 'team@RiverRideCruises.com', 'GLIN', '2019-11-06 17:04:01', 'XPEE', '2019-11-06 19:04:01', 3);
INSERT INTO TRANSAZIONE VALUES ('ONMVTORZJTDJXDPL', 'Prosperity Bank', 1339.35, 'TransaFondo', '2019-10-10 13:48:34');
INSERT INTO TRANSAZIONE VALUES ('WAWQEGEINNJVFHSJ', 'EcoCredit', 445.05, 'MoneyMover', '2019-09-28 05:57:35');
INSERT INTO TRANSAZIONE VALUES ('PNIQVKIXEIEMAHWY', 'InnovaBank', 891.7, 'BancaNet Connect', '2019-10-03 22:43:51');
INSERT INTO TRANSAZIONE VALUES ('PJWTFVXRZWUVQIRG', 'Prosperity Bank', 890.9, 'FinanzaSwift', '2019-10-08 20:06:34');
INSERT INTO TRANSAZIONE VALUES ('LGAVPQSALDBKOTSG', 'TrustWave', 893.9, 'BancaNet Connect', '2019-10-19 22:23:03');
INSERT INTO TRANSAZIONE VALUES ('SFGNXECOUUQTXYUQ', 'SavingsFirst', 1337.25, 'PagamentiPlus', '2019-10-14 04:12:00');
INSERT INTO TRANSAZIONE VALUES ('BFIWQHXNKFPYWKJN', 'Hamlin, Hamlin & McGill (HHM)', 1787.0, 'SecureTransact', '2019-10-16 17:11:12');
INSERT INTO TRANSAZIONE VALUES ('KPSFOHKGSTEIFZNO', 'GreenFinance', 445.75, 'MonetaSecure', '2019-10-16 02:30:26');
INSERT INTO TRANSAZIONE VALUES ('FNLDGSXWQBLFPUEL', 'TrustBank', 445.05, 'TransaFondo', '2019-10-12 07:37:05');
INSERT INTO TRANSAZIONE VALUES ('ETTCUPHAUSBQAYRQ', 'Liberty Bank', 1783.8, 'FinanzaTrust', '2019-09-27 17:42:47');
INSERT INTO TRANSAZIONE VALUES ('FCKHUCUVHKVKGKEW', 'TrustWave', 445.15, 'PayGuard Pro', '2019-10-08 15:51:21');
INSERT INTO TRANSAZIONE VALUES ('MIYLSWSABVOXFNST', 'GreenFinance', 1338.15, 'BancaNet Connect', '2019-10-16 18:00:53');
INSERT INTO TRANSAZIONE VALUES ('ZLCVFWFBRFOZMOPD', 'EcoCredit', 1783.0, 'FinanzaSwift', '2019-10-17 14:50:36');
INSERT INTO TRANSAZIONE VALUES ('LMCDYCMTLQRLFXWY', 'Prosperity Bank', 1337.85, 'TrustFund Express', '2019-10-13 21:54:58');
INSERT INTO TRANSAZIONE VALUES ('IFRVWUGFZPFRSOPT', 'TrustWave', 1785.8, 'FinanzaLink', '2019-10-17 17:11:34');
INSERT INTO TRANSAZIONE VALUES ('EBQWMBPCBCVGXHUT', 'EcoCredit', 891.1, 'MonetaShield', '2019-10-13 00:08:39');
INSERT INTO TRANSAZIONE VALUES ('PCSPNGJTTBFDCLER', 'Liberty Bank', 445.45, 'CapitalNet', '2019-10-04 14:46:39');
INSERT INTO TRANSAZIONE VALUES ('SCMVVUCBSTGJIDLN', 'FinanzaProgress', 1784.2, 'MonetaFlow', '2019-10-03 17:54:46');
INSERT INTO TRANSAZIONE VALUES ('VFJBZIIZDHTUYXMV', 'FinanzaProgress', 1336.35, 'PagamentiPlus', '2019-10-04 04:51:04');
INSERT INTO TRANSAZIONE VALUES ('RPBMWYPSWPTMZRRP', 'RisparmiSicuri', 445.95, 'FinanzaSwift', '2019-10-18 21:33:09');
INSERT INTO TRANSAZIONE VALUES ('XILPTMBSSEYJZHQQ', 'TrustBank', 1783.8, 'FinanzaTrust', '2019-09-26 10:22:16');
INSERT INTO TRANSAZIONE VALUES ('KFOVRWLCWIDAEHGD', 'TrustWave', 1781.0, 'CashFlow Connect', '2019-10-09 16:59:07');
INSERT INTO TRANSAZIONE VALUES ('HPNZHOGMALWPBTPY', 'TrustWave', 445.15, 'BancaNet Connect', '2019-10-19 16:16:45');
INSERT INTO TRANSAZIONE VALUES ('IAUESBJYANTWXZRG', 'Prosperity Bank', 1340.85, 'MonetaShield', '2019-09-26 09:30:05');
INSERT INTO TRANSAZIONE VALUES ('GLMDUOMDXZUUXFRJ', 'UniCassa', 890.9, 'PagamentiPlus', '2019-10-07 04:10:59');
INSERT INTO TRANSAZIONE VALUES ('SWJLJIMVWTKFBCLD', 'Prosperity Bank', 445.15, 'CashWave', '2019-09-26 14:37:06');
INSERT INTO TRANSAZIONE VALUES ('XXFORTGHBQFHRLNS', 'RisparmiSicuri', 1340.25, 'FinanzaSwift', '2019-09-29 13:40:14');
INSERT INTO TRANSAZIONE VALUES ('BUDIIWDKXDFXGTJT', 'Hamlin, Hamlin & McGill (HHM)', 1338.45, 'FinanzaTrust', '2019-10-10 11:16:39');
INSERT INTO TRANSAZIONE VALUES ('OEHXVVEDPICLMGVC', 'SavingsFirst', 890.9, 'FinanzaSwift', '2019-10-11 17:24:21');
INSERT INTO TRANSAZIONE VALUES ('CNAKOGKPKPCWJAIF', 'GreenFinance', 893.1, 'MoneyMover', '2019-09-29 22:58:23');
INSERT INTO TRANSAZIONE VALUES ('NADLRIYTTRKLMEBZ', 'WealthLink Bank', 1783.8, 'MonetaShield', '2019-10-15 10:45:06');
INSERT INTO TRANSAZIONE VALUES ('TXCZUVNHOPQCKZFJ', 'RisparmiSicuri', 1334.85, 'TrustFund Express', '2019-09-30 15:21:56');
INSERT INTO PRENOTAZIONE VALUES('ONMVTORZJTDJXDPL', 'Boito76@Boito@ok.net', 3, 2);
INSERT INTO PRENOTAZIONE VALUES('WAWQEGEINNJVFHSJ', 'Marina.Bottigliero@fastmail.org', 1, 2);
INSERT INTO PRENOTAZIONE VALUES('PNIQVKIXEIEMAHWY', 'Stella.Bosio@ok.net', 2, 2);
INSERT INTO PRENOTAZIONE VALUES('PJWTFVXRZWUVQIRG', 'Vincentio.Farinelli@fastmail.org', 2, 2);
INSERT INTO PRENOTAZIONE VALUES('LGAVPQSALDBKOTSG', 'Storladi83@Storladi@email.com', 2, 2);
INSERT INTO PRENOTAZIONE VALUES('SFGNXECOUUQTXYUQ', 'Ermanno.Einaudi@fastmail.org', 3, 2);
INSERT INTO PRENOTAZIONE VALUES('BFIWQHXNKFPYWKJN', 'Federica.Cundari@ok.net', 4, 2);
INSERT INTO PRENOTAZIONE VALUES('KPSFOHKGSTEIFZNO', 'Zaira.Cafarchia@ok.net', 1, 2);
INSERT INTO PRENOTAZIONE VALUES('FNLDGSXWQBLFPUEL', 'Morandi71@Morandi@email.com', 1, 2);
INSERT INTO PRENOTAZIONE VALUES('ETTCUPHAUSBQAYRQ', 'Nina.Turci@email.com', 4, 2);
INSERT INTO PRENOTAZIONE VALUES('FCKHUCUVHKVKGKEW', 'Gelsomina.Finetti@fastmail.org', 1, 2);
INSERT INTO PRENOTAZIONE VALUES('MIYLSWSABVOXFNST', 'Bonino65@Bonino@ok.net', 3, 2);
INSERT INTO PRENOTAZIONE VALUES('ZLCVFWFBRFOZMOPD', 'Cutuli86@Cutuli@fastmail.org', 4, 2);
INSERT INTO PRENOTAZIONE VALUES('LMCDYCMTLQRLFXWY', 'Matteotti74@Matteotti@ok.net', 3, 2);
INSERT INTO PRENOTAZIONE VALUES('IFRVWUGFZPFRSOPT', 'Ivan.Bataglia@email.com', 4, 2);
INSERT INTO PRENOTAZIONE VALUES('EBQWMBPCBCVGXHUT', 'Marisa.Valguarnera@ok.net', 2, 2);
INSERT INTO PRENOTAZIONE VALUES('PCSPNGJTTBFDCLER', 'Lando.Abbagnale@email.com', 1, 2);
INSERT INTO PRENOTAZIONE VALUES('SCMVVUCBSTGJIDLN', 'Calcedonio.Tozzo@fastmail.org', 4, 2);
INSERT INTO PRENOTAZIONE VALUES('VFJBZIIZDHTUYXMV', 'Victoria.Perini@email.com', 3, 2);
INSERT INTO PRENOTAZIONE VALUES('RPBMWYPSWPTMZRRP', 'Rosa.Tamburini@fastmail.org', 1, 2);
INSERT INTO PRENOTAZIONE VALUES('XILPTMBSSEYJZHQQ', 'Antonelli70@Antonelli@fastmail.org', 4, 2);
INSERT INTO PRENOTAZIONE VALUES('KFOVRWLCWIDAEHGD', 'Falier82@Falier@ok.net', 4, 2);
INSERT INTO PRENOTAZIONE VALUES('HPNZHOGMALWPBTPY', 'Giustino.Fabbri@fastmail.org', 1, 2);
INSERT INTO PRENOTAZIONE VALUES('IAUESBJYANTWXZRG', 'Toscanini76@Toscanini@ok.net', 3, 2);
INSERT INTO PRENOTAZIONE VALUES('GLMDUOMDXZUUXFRJ', 'Zabarella67@Zabarella@email.com', 2, 2);
INSERT INTO PRENOTAZIONE VALUES('SWJLJIMVWTKFBCLD', 'Santoro68@Santoro@ok.net', 1, 2);
INSERT INTO PRENOTAZIONE VALUES('XXFORTGHBQFHRLNS', 'Villadicani88@Villadicani@ok.net', 3, 2);
INSERT INTO PRENOTAZIONE VALUES('BUDIIWDKXDFXGTJT', 'Lolita.Federico@email.com', 3, 2);
INSERT INTO PRENOTAZIONE VALUES('OEHXVVEDPICLMGVC', 'Elisa.Carriera@ok.net', 2, 2);
INSERT INTO PRENOTAZIONE VALUES('CNAKOGKPKPCWJAIF', 'Andreozzi97@Andreozzi@ok.net', 2, 2);
INSERT INTO PRENOTAZIONE VALUES('NADLRIYTTRKLMEBZ', 'Alessandro.Pertile@email.com', 4, 2);
INSERT INTO PRENOTAZIONE VALUES('TXCZUVNHOPQCKZFJ', 'Fabio.Parri@email.com', 3, 2);
INSERT INTO INFORMAZIONI_TRASPORTO VALUES ('ONMVTORZJTDJXDPL', '10.5');
INSERT INTO INFORMAZIONI_TRASPORTO VALUES ('WAWQEGEINNJVFHSJ', '2.1');
INSERT INTO INFORMAZIONI_TRASPORTO VALUES ('PNIQVKIXEIEMAHWY', '5.8');
INSERT INTO INFORMAZIONI_TRASPORTO VALUES ('PJWTFVXRZWUVQIRG', '5.0');
INSERT INTO INFORMAZIONI_TRASPORTO VALUES ('LGAVPQSALDBKOTSG', '8.0');
INSERT INTO INFORMAZIONI_TRASPORTO VALUES ('SFGNXECOUUQTXYUQ', '8.4');
INSERT INTO INFORMAZIONI_TRASPORTO VALUES ('BFIWQHXNKFPYWKJN', '15.2');
INSERT INTO INFORMAZIONI_TRASPORTO VALUES ('KPSFOHKGSTEIFZNO', '2.8');
INSERT INTO INFORMAZIONI_TRASPORTO VALUES ('FNLDGSXWQBLFPUEL', '2.1');
INSERT INTO INFORMAZIONI_TRASPORTO VALUES ('ETTCUPHAUSBQAYRQ', '12.0');
INSERT INTO INFORMAZIONI_TRASPORTO VALUES ('FCKHUCUVHKVKGKEW', '2.2');
INSERT INTO INFORMAZIONI_TRASPORTO VALUES ('MIYLSWSABVOXFNST', '9.3');
INSERT INTO INFORMAZIONI_TRASPORTO VALUES ('ZLCVFWFBRFOZMOPD', '11.2');
INSERT INTO INFORMAZIONI_TRASPORTO VALUES ('LMCDYCMTLQRLFXWY', '9.0');
INSERT INTO INFORMAZIONI_TRASPORTO VALUES ('IFRVWUGFZPFRSOPT', '14.0');
INSERT INTO INFORMAZIONI_TRASPORTO VALUES ('EBQWMBPCBCVGXHUT', '5.2');
INSERT INTO INFORMAZIONI_TRASPORTO VALUES ('PCSPNGJTTBFDCLER', '2.5');
INSERT INTO INFORMAZIONI_TRASPORTO VALUES ('SCMVVUCBSTGJIDLN', '12.4');
INSERT INTO INFORMAZIONI_TRASPORTO VALUES ('VFJBZIIZDHTUYXMV', '7.5');
INSERT INTO INFORMAZIONI_TRASPORTO VALUES ('RPBMWYPSWPTMZRRP', '3.0');
INSERT INTO INFORMAZIONI_TRASPORTO VALUES ('XILPTMBSSEYJZHQQ', '12.0');
INSERT INTO INFORMAZIONI_TRASPORTO VALUES ('KFOVRWLCWIDAEHGD', '9.2');
INSERT INTO INFORMAZIONI_TRASPORTO VALUES ('HPNZHOGMALWPBTPY', '2.2');
INSERT INTO INFORMAZIONI_TRASPORTO VALUES ('IAUESBJYANTWXZRG', '12.0');
INSERT INTO INFORMAZIONI_TRASPORTO VALUES ('GLMDUOMDXZUUXFRJ', '5.0');
INSERT INTO INFORMAZIONI_TRASPORTO VALUES ('SWJLJIMVWTKFBCLD', '2.2');
INSERT INTO INFORMAZIONI_TRASPORTO VALUES ('XXFORTGHBQFHRLNS', '11.4');
INSERT INTO INFORMAZIONI_TRASPORTO VALUES ('BUDIIWDKXDFXGTJT', '9.6');
INSERT INTO INFORMAZIONI_TRASPORTO VALUES ('OEHXVVEDPICLMGVC', '5.0');
INSERT INTO INFORMAZIONI_TRASPORTO VALUES ('CNAKOGKPKPCWJAIF', '7.2');
INSERT INTO INFORMAZIONI_TRASPORTO VALUES ('NADLRIYTTRKLMEBZ', '12.0');
INSERT INTO INFORMAZIONI_TRASPORTO VALUES ('TXCZUVNHOPQCKZFJ', '6.0');
INSERT INTO andata VALUES ('ONMVTORZJTDJXDPL', 0);
INSERT INTO ritorno VALUES ('ONMVTORZJTDJXDPL', 1);
INSERT INTO andata VALUES ('WAWQEGEINNJVFHSJ', 2);
INSERT INTO ritorno VALUES ('WAWQEGEINNJVFHSJ', 3);
INSERT INTO andata VALUES ('PNIQVKIXEIEMAHWY', 4);
INSERT INTO ritorno VALUES ('PNIQVKIXEIEMAHWY', 5);
INSERT INTO andata VALUES ('PJWTFVXRZWUVQIRG', 6);
INSERT INTO ritorno VALUES ('PJWTFVXRZWUVQIRG', 7);
INSERT INTO andata VALUES ('LGAVPQSALDBKOTSG', 8);
INSERT INTO ritorno VALUES ('LGAVPQSALDBKOTSG', 9);
INSERT INTO andata VALUES ('SFGNXECOUUQTXYUQ', 10);
INSERT INTO ritorno VALUES ('SFGNXECOUUQTXYUQ', 11);
INSERT INTO andata VALUES ('BFIWQHXNKFPYWKJN', 12);
INSERT INTO ritorno VALUES ('BFIWQHXNKFPYWKJN', 13);
INSERT INTO andata VALUES ('KPSFOHKGSTEIFZNO', 14);
INSERT INTO ritorno VALUES ('KPSFOHKGSTEIFZNO', 15);
INSERT INTO andata VALUES ('FNLDGSXWQBLFPUEL', 16);
INSERT INTO ritorno VALUES ('FNLDGSXWQBLFPUEL', 17);
INSERT INTO andata VALUES ('ETTCUPHAUSBQAYRQ', 18);
INSERT INTO ritorno VALUES ('ETTCUPHAUSBQAYRQ', 19);
INSERT INTO andata VALUES ('FCKHUCUVHKVKGKEW', 20);
INSERT INTO ritorno VALUES ('FCKHUCUVHKVKGKEW', 21);
INSERT INTO andata VALUES ('MIYLSWSABVOXFNST', 22);
INSERT INTO ritorno VALUES ('MIYLSWSABVOXFNST', 23);
INSERT INTO andata VALUES ('ZLCVFWFBRFOZMOPD', 24);
INSERT INTO ritorno VALUES ('ZLCVFWFBRFOZMOPD', 25);
INSERT INTO andata VALUES ('LMCDYCMTLQRLFXWY', 26);
INSERT INTO ritorno VALUES ('LMCDYCMTLQRLFXWY', 27);
INSERT INTO andata VALUES ('IFRVWUGFZPFRSOPT', 28);
INSERT INTO ritorno VALUES ('IFRVWUGFZPFRSOPT', 29);
INSERT INTO andata VALUES ('EBQWMBPCBCVGXHUT', 30);
INSERT INTO ritorno VALUES ('EBQWMBPCBCVGXHUT', 31);
INSERT INTO andata VALUES ('PCSPNGJTTBFDCLER', 32);
INSERT INTO ritorno VALUES ('PCSPNGJTTBFDCLER', 33);
INSERT INTO andata VALUES ('SCMVVUCBSTGJIDLN', 34);
INSERT INTO ritorno VALUES ('SCMVVUCBSTGJIDLN', 35);
INSERT INTO andata VALUES ('VFJBZIIZDHTUYXMV', 36);
INSERT INTO ritorno VALUES ('VFJBZIIZDHTUYXMV', 37);
INSERT INTO andata VALUES ('RPBMWYPSWPTMZRRP', 38);
INSERT INTO ritorno VALUES ('RPBMWYPSWPTMZRRP', 39);
INSERT INTO andata VALUES ('XILPTMBSSEYJZHQQ', 40);
INSERT INTO ritorno VALUES ('XILPTMBSSEYJZHQQ', 41);
INSERT INTO andata VALUES ('KFOVRWLCWIDAEHGD', 42);
INSERT INTO ritorno VALUES ('KFOVRWLCWIDAEHGD', 43);
INSERT INTO andata VALUES ('HPNZHOGMALWPBTPY', 44);
INSERT INTO ritorno VALUES ('HPNZHOGMALWPBTPY', 45);
INSERT INTO andata VALUES ('IAUESBJYANTWXZRG', 46);
INSERT INTO ritorno VALUES ('IAUESBJYANTWXZRG', 47);
INSERT INTO andata VALUES ('GLMDUOMDXZUUXFRJ', 48);
INSERT INTO ritorno VALUES ('GLMDUOMDXZUUXFRJ', 49);
INSERT INTO andata VALUES ('SWJLJIMVWTKFBCLD', 50);
INSERT INTO ritorno VALUES ('SWJLJIMVWTKFBCLD', 51);
INSERT INTO andata VALUES ('XXFORTGHBQFHRLNS', 52);
INSERT INTO ritorno VALUES ('XXFORTGHBQFHRLNS', 53);
INSERT INTO andata VALUES ('BUDIIWDKXDFXGTJT', 54);
INSERT INTO ritorno VALUES ('BUDIIWDKXDFXGTJT', 55);
INSERT INTO andata VALUES ('OEHXVVEDPICLMGVC', 56);
INSERT INTO ritorno VALUES ('OEHXVVEDPICLMGVC', 57);
INSERT INTO andata VALUES ('CNAKOGKPKPCWJAIF', 58);
INSERT INTO ritorno VALUES ('CNAKOGKPKPCWJAIF', 59);
INSERT INTO andata VALUES ('NADLRIYTTRKLMEBZ', 60);
INSERT INTO ritorno VALUES ('NADLRIYTTRKLMEBZ', 61);
INSERT INTO andata VALUES ('TXCZUVNHOPQCKZFJ', 62);
INSERT INTO ritorno VALUES ('TXCZUVNHOPQCKZFJ', 63);
INSERT INTO RECENSIONE VALUES (0, 4, 'Soggiorno piacevole in un ambiente incantevole.', 'Boito76@Boito@ok.net', '2019-11-19', 22, 'Suite Notte Stellata');
INSERT INTO RECENSIONE VALUES (1, 5, NULL, 'Marina.Bottigliero@fastmail.org', '2019-12-06', 22, 'Suite Notte Stellata');
INSERT INTO RECENSIONE VALUES (2, 4, 'Un posto tranquillo e rilassante, perfetto per staccare la spina.', 'Stella.Bosio@ok.net', '2019-11-06', 22, 'Suite Notte Stellata');
INSERT INTO RECENSIONE VALUES (3, 3, NULL, 'Storladi83@Storladi@email.com', '2019-11-10', 22, 'Suite Notte Stellata');
INSERT INTO RECENSIONE VALUES (4, 5, NULL, 'Zaira.Cafarchia@ok.net', '2019-11-10', 22, 'Suite Notte Stellata');
INSERT INTO RECENSIONE VALUES (5, 5, 'Una vacanza indimenticabile, tutto perfetto!', 'Nina.Turci@email.com', '2019-11-26', 22, 'Suite Notte Stellata');
INSERT INTO RECENSIONE VALUES (6, 5, NULL, 'Gelsomina.Finetti@fastmail.org', '2019-11-26', 22, 'Suite Notte Stellata');
INSERT INTO RECENSIONE VALUES (7, 3, NULL, 'Matteotti74@Matteotti@ok.net', '2019-12-06', 22, 'Suite Notte Stellata');
INSERT INTO RECENSIONE VALUES (8, 1, NULL, 'Marisa.Valguarnera@ok.net', '2019-11-07', 22, 'Suite Notte Stellata');
INSERT INTO RECENSIONE VALUES (9, 1, NULL, 'Rosa.Tamburini@fastmail.org', '2019-12-01', 22, 'Suite Notte Stellata');
INSERT INTO RECENSIONE VALUES (10, 4, 'Un posto davvero suggestivo, ideale per rilassarsi.', 'Antonelli70@Antonelli@fastmail.org', '2019-11-10', 22, 'Suite Notte Stellata');
INSERT INTO RECENSIONE VALUES (11, 4, NULL, 'Falier82@Falier@ok.net', '2019-11-30', 22, 'Suite Notte Stellata');
INSERT INTO RECENSIONE VALUES (12, 5, NULL, 'Giustino.Fabbri@fastmail.org', '2019-11-30', 22, 'Suite Notte Stellata');
INSERT INTO RECENSIONE VALUES (13, 2, NULL, 'Santoro68@Santoro@ok.net', '2019-12-05', 22, 'Suite Notte Stellata');
INSERT INTO RECENSIONE VALUES (14, 5, 'Un''esperienza davvero fantastica, torneremo sicuramente.', 'Lolita.Federico@email.com', '2019-11-30', 22, 'Suite Notte Stellata');
INSERT INTO RECENSIONE VALUES (15, 5, 'Vacanza fantastica! Non vedo l''ora di tornare.', 'Elisa.Carriera@ok.net', '2019-11-13', 22, 'Suite Notte Stellata');
INSERT INTO RECENSIONE VALUES (16, 5, 'Un''esperienza incantevole, consigliato a tutti.', 'Andreozzi97@Andreozzi@ok.net', '2019-11-30', 22, 'Suite Notte Stellata');
