INSERT INTO Dati_Cliente VALUES ('Gucci81@Gucci@email.com', 'Gabriella', 'Gucci', '1973-11-09', NULL, '+39 965708693');
INSERT INTO Cliente VALUES ('Gucci81@Gucci@email.com', 'SJw00ac(+k9h7GJz', '2019-06-30 03:39:35');
INSERT INTO Dati_Cliente VALUES ('Alfredo.Troisi@email.com', 'Alfredo', 'Troisi', '1974-03-26', 'M', '+39 980250700');
INSERT INTO Cliente VALUES ('Alfredo.Troisi@email.com', 'AwT0rlgo)^_52B9v3Bh6pPa', '2018-10-29 09:22:49');
INSERT INTO Dati_Cliente VALUES ('Annibale.Grimani@fastmail.org', 'Annibale', 'Grimani', '1987-05-24', 'M', '+39 700404943');
INSERT INTO Cliente VALUES ('Annibale.Grimani@fastmail.org', 'u6&9+5Eg^7OHAsuyjU', '2019-06-03 00:04:44');
INSERT INTO Dati_Cliente VALUES ('Aporti87@Aporti@fastmail.org', 'Gianpaolo', 'Aporti', '1978-10-22', 'M', '+39 099251853');
INSERT INTO Cliente VALUES ('Aporti87@Aporti@fastmail.org', 'A_C07njGG0v5XCfN_rW&dlE#', '2019-02-25 23:34:26');
INSERT INTO Dati_Cliente VALUES ('Rosina.Pavanello@lambda.mail.it', 'Rosina', 'Pavanello', '1977-01-30', NULL, '+39 659387784');
INSERT INTO Cliente VALUES ('Rosina.Pavanello@lambda.mail.it', 'N&0xIq4_', '2019-02-26 05:52:15');
INSERT INTO Dati_Cliente VALUES ('Teresa.Ferrari@email.com', 'Teresa', 'Ferrari', '1988-03-05', 'F', '+39 446595140');
INSERT INTO Cliente VALUES ('Teresa.Ferrari@email.com', 'O_5U8vuw', '2019-02-14 07:06:26');
INSERT INTO Dati_Cliente VALUES ('Massimiliano.Treves@email.com', 'Massimiliano', 'Treves', '1999-07-09', 'M', '+39 864014004');
INSERT INTO Cliente VALUES ('Massimiliano.Treves@email.com', 'Z#5!dXOuiYS', '2019-05-17 21:26:37');
INSERT INTO Dati_Cliente VALUES ('Virginia.Piacentini@email.com', 'Virginia', 'Piacentini', '1992-04-10', 'F', '+39 719659342');
INSERT INTO Cliente VALUES ('Virginia.Piacentini@email.com', 'nCgT%tpl_+0zqzOA', '2019-07-03 06:14:33');
INSERT INTO Dati_Cliente VALUES ('Armando.Castelli@fastmail.org', 'Armando', 'Castelli', '1978-04-08', 'M', '+39 793323659');
INSERT INTO Cliente VALUES ('Armando.Castelli@fastmail.org', '&4fSD4s%ACFNx_@PF', '2019-03-13 07:54:18');
INSERT INTO Dati_Cliente VALUES ('Paride.Peano@fastmail.org', 'Paride', 'Peano', '1996-07-01', 'M', '+39 050562462');
INSERT INTO Cliente VALUES ('Paride.Peano@fastmail.org', '&6UW8bHu_', '2019-06-01 05:08:28');
INSERT INTO Dati_Cliente VALUES ('Antonino.Cherubini@lambda.mail.it', 'Antonino', 'Cherubini', '1979-12-19', 'M', '+39 418927626');
INSERT INTO Cliente VALUES ('Antonino.Cherubini@lambda.mail.it', 'd)AIuVcE6)Z0F!Ms', '2019-02-25 05:18:34');
INSERT INTO Dati_Cliente VALUES ('Antonella.Babato@fastmail.org', 'Antonella', 'Babato', '1978-09-15', 'F', '+39 687577389');
INSERT INTO Cliente VALUES ('Antonella.Babato@fastmail.org', '27YZzvY*(', '2019-04-15 20:31:32');
INSERT INTO Dati_Cliente VALUES ('kristine15@example.net', 'Angelina', 'Fo', '1982-10-30', 'F', '+39 294568241');
INSERT INTO Cliente VALUES ('kristine15@example.net', '_v4$RkaesZFR3V', '2018-09-09 02:30:59');
INSERT INTO Dati_Cliente VALUES ('Tebaldi72@Tebaldi@fastmail.org', 'Beatrice', 'Tebaldi', '1976-01-19', 'F', '+39 505520351');
INSERT INTO Cliente VALUES ('Tebaldi72@Tebaldi@fastmail.org', 'A(JTN+I*jg#8cq', '2018-09-26 12:14:43');
INSERT INTO Dati_Cliente VALUES ('Ida.Barberini@lambda.mail.it', 'Ida', 'Barberini', '1986-08-30', 'F', '+39 918916348');
INSERT INTO Cliente VALUES ('Ida.Barberini@lambda.mail.it', 'ko(fl%&t#42@oI+', '2019-01-18 20:03:06');
INSERT INTO Dati_Cliente VALUES ('Gianfrancesco.Bonino@lambda.mail.it', 'Gianfrancesco', 'Bonino', '1977-08-23', NULL, '+39 207698456');
INSERT INTO Cliente VALUES ('Gianfrancesco.Bonino@lambda.mail.it', '_PL*znEgot4b', '2019-03-20 20:49:27');
INSERT INTO Dati_Cliente VALUES ('Donatoni78@Donatoni@email.com', 'Licia', 'Donatoni', '1974-11-23', 'F', '+39 321730086');
INSERT INTO Cliente VALUES ('Donatoni78@Donatoni@email.com', 'jB4mY6d^)^', '2019-07-16 08:13:14');
INSERT INTO Dati_Cliente VALUES ('Castioni85@Castioni@lambda.mail.it', 'Etta', 'Castioni', '1977-02-22', 'F', '+39 262235833');
INSERT INTO Cliente VALUES ('Castioni85@Castioni@lambda.mail.it', 'dvJ_Lle7+30x9', '2019-04-14 12:27:15');
INSERT INTO Dati_Cliente VALUES ('karenroberts@example.org', 'Gian', 'Sinisi', '1998-01-11', 'M', '+39 625662728');
INSERT INTO Cliente VALUES ('karenroberts@example.org', '*%Ah$X@p8KQ%qcgb!$', '2019-02-11 14:30:51');
INSERT INTO Dati_Cliente VALUES ('Bosurgi82@Bosurgi@lambda.mail.it', 'Marina', 'Bosurgi', '1997-07-15', 'F', '+39 027142787');
INSERT INTO Cliente VALUES ('Bosurgi82@Bosurgi@lambda.mail.it', ')iNXbVsi)Ahn^0R+', '2018-09-08 09:39:16');
INSERT INTO Dati_Cliente VALUES ('Eleanora.Treves@fastmail.org', 'Eleanora', 'Treves', '1988-12-01', 'F', '+39 936153492');
INSERT INTO Cliente VALUES ('Eleanora.Treves@fastmail.org', '+A(JNClm)(O#mc+0T1z&l24', '2019-03-16 12:50:41');
INSERT INTO Dati_Cliente VALUES ('Briccialdi67@Briccialdi@email.com', 'Danilo', 'Briccialdi', '1982-12-06', 'M', '+39 019126334');
INSERT INTO Cliente VALUES ('Briccialdi67@Briccialdi@email.com', '+r3XmTrHw34o8ED*@yk', '2019-04-30 21:23:29');
INSERT INTO Dati_Cliente VALUES ('Ruggero.Moresi@fastmail.org', 'Ruggero', 'Moresi', '1999-05-26', 'M', '+39 751007408');
INSERT INTO Cliente VALUES ('Ruggero.Moresi@fastmail.org', '_1)Vltwc', '2019-02-15 17:05:02');
INSERT INTO Dati_Cliente VALUES ('Sophia.Molesini@email.com', 'Sophia', 'Molesini', '2001-07-30', 'F', '+39 302821691');
INSERT INTO Cliente VALUES ('Sophia.Molesini@email.com', 'Js0Kv1CzhGI7RgcM@uIL!', '2019-01-02 02:58:01');
INSERT INTO Dati_Cliente VALUES ('Modugno93@Modugno@lambda.mail.it', 'Melissa', 'Modugno', '1995-01-05', 'F', '+39 047142851');
INSERT INTO Cliente VALUES ('Modugno93@Modugno@lambda.mail.it', 'myIBxzn)%7I!@hycX2X2', '2019-02-27 22:29:19');
INSERT INTO Dati_Cliente VALUES ('Renzo.Necci@email.com', 'Renzo', 'Necci', '1988-04-22', 'M', '+39 747354000');
INSERT INTO Cliente VALUES ('Renzo.Necci@email.com', 'G42vV$G5&1%Z0XXe&6qEZp', '2019-08-23 00:34:59');
INSERT INTO Dati_Cliente VALUES ('Giulio.Simeoni@fastmail.org', 'Giulio', 'Simeoni', '1995-06-22', 'M', '+39 159179533');
INSERT INTO Cliente VALUES ('Giulio.Simeoni@fastmail.org', ')+#@1nVy', '2019-03-06 11:42:32');
INSERT INTO Dati_Cliente VALUES ('Renzo.Camanni@email.com', 'Renzo', 'Camanni', '1992-12-27', 'M', '+39 211669728');
INSERT INTO Cliente VALUES ('Renzo.Camanni@email.com', 'qb2&^7R(+ji^L8)Q34', '2019-02-14 05:54:59');
INSERT INTO Dati_Cliente VALUES ('Adriano.Cimarosa@fastmail.org', 'Adriano', 'Cimarosa', '1997-11-24', 'M', '+39 048107770');
INSERT INTO Cliente VALUES ('Adriano.Cimarosa@fastmail.org', 'xHuLD*rkh6C#VF3Q@2bg', '2019-03-02 16:25:34');
INSERT INTO Dati_Cliente VALUES ('Giorgio.Fornaciari@lambda.mail.it', 'Giorgio', 'Fornaciari', '1984-08-24', 'M', '+39 696202907');
INSERT INTO Cliente VALUES ('Giorgio.Fornaciari@lambda.mail.it', '@u9fKzts', '2019-04-27 02:22:54');
INSERT INTO Compagnia VALUES ('team@AirLinkExpress.com', 'seef0gQmddG1lmF07(CejQLt', '2019-12-31 17:58:24', 'AirLink Express', 'OERK');
INSERT INTO Compagnia VALUES ('team@EcoVoyageCruises.com', '!Zdktgk0tuI5TX6AoL1L7w%*', '2019-12-18 06:12:39', 'EcoVoyage Cruises', 'VOHY');
INSERT INTO Compagnia VALUES ('team@StarSailFerries.com', '#w2kByQet)8%&Q!j*WUCFEoZ', '2020-03-18 08:59:58', 'StarSail Ferries', 'ESGG');
INSERT INTO INFORMAZIONI_BAGAGLI VALUES ('0', NULL, '19');
INSERT INTO INFORMAZIONI_BAGAGLI VALUES ('2', NULL, '14');
INSERT INTO INFORMAZIONI_BAGAGLI VALUES ('4', NULL, '20');
INSERT INTO INFORMAZIONI_BAGAGLI VALUES ('7', '12', '9');
INSERT INTO INFORMAZIONI_BAGAGLI VALUES ('1', '11', NULL);
INSERT INTO INFORMAZIONI_BAGAGLI VALUES ('5', '8', '9');
INSERT INTO INFORMAZIONI_BAGAGLI VALUES ('3', '5', '8');
INSERT INTO INFORMAZIONI_BAGAGLI VALUES ('6', NULL, '16');
INSERT INTO INFORMAZIONI_BAGAGLI VALUES ('9', '4', NULL);
INSERT INTO Citta VALUES ('7','Saltocchio', 'Italia');
INSERT INTO Citta VALUES ('2','San Nicolo'' Di Celle', 'Italia');
INSERT INTO Citta VALUES ('1','Pila', 'Italia');
INSERT INTO Citta VALUES ('4','Costa Calcinara', 'Italia');
INSERT INTO Citta VALUES ('27','Colonna', 'Italia');
INSERT INTO Citta VALUES ('17','Castelmareri', 'Italia');
INSERT INTO Citta VALUES ('9','Spezzano Albanese Terme', 'Italia');
INSERT INTO Citta VALUES ('21','Carlentini', 'Italia');
INSERT INTO Citta VALUES ('20','Santo Stefano Di Sessanio', 'Italia');
INSERT INTO Citta VALUES ('23','San Polo Dei Cavalieri', 'Italia');
INSERT INTO Citta VALUES ('19','San Michele', 'Italia');
INSERT INTO Citta VALUES ('3','Barcarola', 'Italia');
INSERT INTO Citta VALUES ('18','Balma Biellese', 'Italia');
INSERT INTO Citta VALUES ('11','Licinella', 'Italia');
INSERT INTO Citta VALUES ('26','Prela''', 'Italia');
INSERT INTO Citta VALUES ('5','Laureana Cilento', 'Italia');
INSERT INTO Citta VALUES ('28','Zavattarello', 'Italia');
INSERT INTO Citta VALUES ('22','Serri', 'Italia');
INSERT INTO Citta VALUES ('25','Marino', 'Italia');
INSERT INTO Citta VALUES ('16','Pietrafitta', 'Italia');
INSERT INTO Citta VALUES ('15','Safforze', 'Italia');
INSERT INTO Citta VALUES ('12','Cocumola', 'Italia');
INSERT INTO Citta VALUES ('8','Stazione Morrovalle', 'Italia');
INSERT INTO Citta VALUES ('0','Loreto Aprutino', 'Italia');
INSERT INTO Citta VALUES ('24','San Paolo', 'Italia');
INSERT INTO Citta VALUES ('29','Latiano', 'Italia');
INSERT INTO Citta VALUES ('6','Spilinga', 'Italia');
INSERT INTO Citta VALUES ('13','Castiglione Di Sicilia', 'Italia');
INSERT INTO Citta VALUES ('10','San Giovanni In Galilea', 'Italia');
INSERT INTO Citta VALUES ('14','Bosco Mesola', 'Italia');
INSERT INTO AGENZIA VALUES ('support@ViagginelFuturoAntico.com', 'IUceuE4Z_TD*s6Ga5Nu668QS', '2018-10-28 15:44:56', 'Viaggi nel Futuro Antico', 11, 'Piazza del Popolo 6');
INSERT INTO AGENZIA VALUES ('support@TurismoEcoAvventura.com', 'R6_HiUdK^MM0N+tpi(F_EMQ', '2021-09-23 11:23:00', 'Turismo EcoAvventura', 2, 'Viale Mazzini 37');
INSERT INTO AGENZIA VALUES ('support@ViaggiNellaCultura.com', 'H4ZUvE0JETGj+Vcf0+7!!$', '2021-12-18 14:46:53', 'Viaggi Nella Cultura', 0, 'Corso Buenos Aires 47');
INSERT INTO Polizza VALUES(1,'Polizza di Viaggio Completa','La Polizza di Viaggio Completa è la scelta ideale per chi desidera massima tranquillità durante il proprio viaggio. Questa polizza offre una copertura estesa che si estende ben oltre le situazioni di base, garantendoti una protezione completa.

Copertura Principale:
1. Assistenza Medica all''Estero: La polizza copre le spese mediche necessarie dovute a malattie o infortuni durante il viaggio, inclusa l''evacuazione medica di emergenza in qualsiasi parte del mondo.
2. Annullamento del Viaggio: Se il tuo viaggio viene annullato per qualsiasi motivo, sarai rimborsato per le spese non rimborsabili sostenute per la prenotazione del viaggio.
3. Ritardo o Cancellazione del Volo: In caso di ritardi o cancellazioni dei voli, la polizza ti coprirà per le spese extra sostenute, come alloggio di lusso, pasti e trasporti alternativi.
4. Bagaglio Smarrito o Danneggiato: Se il tuo bagaglio viene smarrito o danneggiato durante il viaggio, la polizza fornirà una copertura completa per il recupero o la sostituzione dei tuoi effetti personali, incluso il valore degli oggetti di valore.
5. Assistenza Legale: Se incontri situazioni legali inaspettate durante il viaggio, questa polizza offre un ampio supporto legale e copre le spese legali.
6. Copertura per Attività Speciali: Questa polizza include coperture speciali per attività avventurose come sport estremi, immersioni subacquee e alpinismo.

Periodo di Copertura: La Polizza di Viaggio Completa è disponibile per il periodo specifico del biaggio
Assistenza 24/7: Siamo disponibili 24 ore al giorno, 7 giorni alla settimana, per fornirti supporto e assistenza in caso di emergenza ovunque tu sia nel mondo.

Con la Polizza di Viaggio Completa, viaggiare diventa un''esperienza senza preoccupazioni, sapendo che sei protetto in qualsiasi situazione imprevista che potresti incontrare durante il tuo viaggio.');
INSERT INTO Polizza VALUES(2,'Polizza di Viaggio Covid19','La Polizza di Viaggio con Copertura COVID-19 è stata progettata per affrontare le sfide specifiche legate alla pandemia di COVID-19 durante i tuoi viaggi. Questa polizza offre una copertura speciale per garantire la tua sicurezza e la tranquillità durante il viaggio in un periodo di incertezza.

Copertura Principale:

1. Copertura per Spese Mediche COVID-19: La polizza copre le spese mediche necessarie dovute al COVID-19 durante il viaggio, inclusi i test diagnostici, il trattamento e, se necessario, l''evacuazione medica.
2. Annullamento del Viaggio a Causa del COVID-19: Se il tuo viaggio viene annullato a causa del COVID-19, sarai rimborsato per le spese non rimborsabili sostenute per la prenotazione del viaggio.
3. Quarantena Obbligatoria: Se sei costretto a sottoporsi a quarantena durante il viaggio a causa del COVID-19, la polizza coprirà le spese extra sostenute, come alloggio e pasti.
4. Assistenza Legale COVID-19: Se incontri situazioni legali inaspettate legate al COVID-19 durante il viaggio, questa polizza può fornire assistenza legale e coprire le spese legali necessarie.

Periodo di Copertura: La Polizza di Viaggio con Copertura COVID-19 è disponibile per il periodo specifico del tuo viaggio e può essere estesa per coprire eventuali cambiamenti nei tuoi piani dovuti al COVID-19.
Assistenza 24/7: Siamo disponibili 24 ore al giorno, 7 giorni alla settimana, per fornirti supporto e assistenza in caso di emergenza legata al COVID-19 durante il viaggio.

Con la Polizza di Viaggio con Copertura COVID-19, puoi esplorare il mondo con la sicurezza di una copertura completa contro gli imprevisti legati alla pandemia.
');
INSERT INTO Polizza VALUES(3,'Polizza di Viaggio Pets','Descrizione: La Polizza di Viaggio per Animali Domestici è pensata per i viaggiatori che desiderano portare con sé i loro amici a quattro zampe. Questa polizza fornisce una copertura speciale per la salute e la sicurezza dei tuoi animali domestici durante il viaggio.

Copertura Principale:
1. Assistenza Medica all''Estero: La polizza copre le spese mediche necessarie dovute a malattie o infortuni durante il viaggio. Questa copertura include anche l''evacuazione medica di emergenza, se necessario.
2. Assistenza Veterinaria all''Estero: La polizza copre le spese veterinarie necessarie dovute a malattie o infortuni del tuo animale domestico durante il viaggio, inclusa la possibilità di visite presso le cliniche veterinarie locali.
3. Annullamento del Viaggio a Causa dell''Animale Domestico: Se devi annullare il viaggio a causa di un infortunio o una malattia del tuo animale domestico, sarai rimborsato per le spese non rimborsabili sostenute per la prenotazione del viaggio.
4. Custodia Temporanea dell''Animale: Se, a seguito di un infortunio o di un problema di salute, non puoi prenderti cura del tuo animale domestico durante il viaggio, la polizza coprirà le spese relative alla custodia temporanea.
5. Assistenza Legale: Se incontri situazioni legali inaspettate riguardanti te o il tuo animale domestico durante il viaggio, questa polizza può fornire assistenza legale e coprire le spese legali necessarie.

Periodo di Copertura: La Polizza di Viaggio per Animali Domestici è disponibile per il periodo specifico del tuo viaggio.
Assistenza 24/7: Siamo disponibili 24 ore al giorno, 7 giorni alla settimana, per fornirti supporto e assistenza in caso di emergenza legata al tuo animale domestico durante il viaggio.

Con la Polizza di Viaggio per Animali Domestici, puoi goderti il tuo viaggio con la sicurezza di avere il benessere del tuo amico peloso al centro delle tue preoccupazioni.
');
INSERT INTO Polizza VALUES(0,'Polizza di Viaggio Base','La Polizza di Viaggio Base è progettata per offrire una copertura essenziale e affidabile durante il tuo viaggio. Che tu stia pianificando una vacanza breve o un''avventura più lunga, questa polizza ti fornisce la tranquillità di sapere che sei protetto contro una serie di imprevisti.

Copertura Principale:
1. Assistenza Medica all''Estero: La polizza copre le spese mediche necessarie dovute a malattie o infortuni durante il viaggio. Questa copertura include anche l''evacuazione medica di emergenza, se necessario.
2. Annullamento del Viaggio: Se il tuo viaggio viene annullato per motivi coperti dalla polizza, sarai rimborsato per le spese non rimborsabili sostenute per la prenotazione del viaggio.
3. Ritardo o Cancellazione del Volo: In caso di ritardi o cancellazioni dei voli, la polizza ti coprirà per le spese extra sostenute, come alloggio e pasti.
4. Bagaglio Smarrito o Danneggiato: Se il tuo bagaglio viene smarrito o danneggiato durante il viaggio, la polizza fornirà una copertura per il suo recupero o la sostituzione dei tuoi effetti personali.
5. Assistenza Legale: Se incontri situazioni legali inaspettate durante il viaggio, questa polizza può fornire assistenza legale e coprire le spese legali necessarie.

Periodo di Copertura: La polizza di viaggio base è disponibile per un periodo specifico che puoi selezionare in base alle tue esigenze. È possibile scegliere una copertura per un singolo viaggio o una copertura multi-viaggio valida per un anno intero.
Assistenza 24/7: Siamo disponibili 24 ore al giorno, 7 giorni alla settimana, per fornirti supporto e assistenza in caso di emergenza ovunque tu sia nel mondo.
Pacchetto Fondamentale per la Sicurezza: La Polizza di Viaggio Base è il tuo compagno fidato per garantire una protezione fondamentale durante il viaggio. Con tariffe accessibili e una copertura essenziale, puoi viaggiare con fiducia sapendo che sei protetto in caso di imprevisti.

Ti consigliamo di esaminare attentamente i dettagli del contratto e le condizioni di copertura specifiche per garantire che soddisfi tutte le tue esigenze e aspettative durante il viaggio.
');
INSERT INTO DESCRIZIONE VALUES (0, 'Rilassati al Mare', 'Goditi una vacanza rilassante al mare con spiagge di sabbia dorata e acque cristalline.');
INSERT INTO DESCRIZIONE VALUES (1, 'Esplora una Città Vibrante', 'Scopri una città piena di vita, con monumenti storici, ristoranti gourmet e vita notturna vivace.');
INSERT INTO DESCRIZIONE VALUES (2, 'Avventura in Montagna', 'Fai trekking tra le montagne, respira l''aria fresca e ammira panorami mozzafiato.');
INSERT INTO DESCRIZIONE VALUES (3, 'Vacanza Culturale', 'Immergiti nella cultura locale con visite a musei, gallerie d''arte e siti storici.');
INSERT INTO DESCRIZIONE VALUES (4, 'Rilassamento al Mare', 'Trascorri giornate di puro relax sulla spiaggia e rilassati in resort di lusso.');
INSERT INTO DESCRIZIONE VALUES (5, 'Esplorazione Urbana', 'Passeggia per le strade affollate, assapora la cucina locale e scopri segreti nascosti della città.');
INSERT INTO DESCRIZIONE VALUES (6, 'Escursioni in Montagna', 'Affronta escursioni impegnative e conquista le vette più alte.');
INSERT INTO DESCRIZIONE VALUES (7, 'Viaggio Enogastronomico', 'Delizia il tuo palato con prelibatezze locali e degusta vini pregiati.');
INSERT INTO DESCRIZIONE VALUES (8, 'Divertimento in Spiaggia', 'Partecipa a sport acquatici, feste in spiaggia e attività all''aperto.');
INSERT INTO DESCRIZIONE VALUES (9, 'Arte e Cultura Urbana', 'Esplora gallerie d''arte contemporanea, teatri e quartieri culturali.');
INSERT INTO DESCRIZIONE VALUES (10, 'Relax Costiero', 'Goditi il suono delle onde e le brezze marine in un tranquillo rifugio sulla costa.');
INSERT INTO DESCRIZIONE VALUES (11, 'Esplorazione Storica', 'Scopri la storia antica della regione visitando siti archeologici e castelli medievali.');
INSERT INTO DESCRIZIONE VALUES (12, 'Sfide in Montagna', 'Affronta percorsi avventurosi, arrampicate su roccia e gite in bicicletta in montagna.');
INSERT INTO DESCRIZIONE VALUES (13, 'Viaggio Gastronomico', 'Assaggia la cucina locale attraverso tour culinari guidati e lezioni di cucina.');
INSERT INTO DESCRIZIONE VALUES (14, 'Spiaggia e Sport Acquatici', 'Pratica sport acquatici come il surf, il nuoto e il kayak nelle acque cristalline.');
INSERT INTO DESCRIZIONE VALUES (15, 'Vita Notturna Cittadina', 'Esperienza notti indimenticabili con club, bar e spettacoli in città.');
INSERT INTO DESCRIZIONE VALUES (16, 'Percorsi Panoramici in Montagna', 'Segui percorsi panoramici tra valli e cime montane mozzafiato.');
INSERT INTO DESCRIZIONE VALUES (17, 'Esperienza Teatrale', 'Assisti a spettacoli teatrali, concerti e opere d''arte in città culturali.');
INSERT INTO DESCRIZIONE VALUES (18, 'Soggiorno di Lusso in Riva al Mare', 'Vivi in ​​un resort di lusso con servizio personalizzato a due passi dalla spiaggia.');
INSERT INTO DESCRIZIONE VALUES (19, 'Esplorazione Architettonica', 'Ammira l''architettura unica delle città con edifici storici e moderni.');
INSERT INTO DESCRIZIONE VALUES (20, 'Ski e Neve', 'Scia sulle piste innevate e rilassati in accoglienti chalet di montagna.');
INSERT INTO DESCRIZIONE VALUES (21, 'Cultura e Musica', 'Immergiti nella scena musicale e culturale della città con concerti e festival.');
INSERT INTO DESCRIZIONE VALUES (22, 'Resort All-Inclusive', 'Goditi un soggiorno senza pensieri in un resort all-inclusive con tutte le comodità.');
INSERT INTO DESCRIZIONE VALUES (23, 'Tour Enologici', 'Esplora le cantine locali e degusta i migliori vini e prodotti tipici della regione.');
INSERT INTO DESCRIZIONE VALUES (24, 'Avventure Subacquee', 'Scopri il mondo sottomarino con immersioni subacquee e snorkeling.');
INSERT INTO DESCRIZIONE VALUES (25, 'Arte Moderna e Contemporanea', 'Visita musei d''arte moderna e contemporanea nelle città d''avanguardia.');
INSERT INTO DESCRIZIONE VALUES (26, 'Relax Termale in Montagna', 'Rilassati nelle sorgenti termali naturali in un ambiente di montagna sereno.');
INSERT INTO DESCRIZIONE VALUES (27, 'Scoperta Storica e Religiosa', 'Esplora siti storici e luoghi di culto in città ricche di storia.');
INSERT INTO DESCRIZIONE VALUES (28, 'Spiaggia e Yoga', 'Rigenera corpo e mente con lezioni di yoga sulla spiaggia al sorgere del sole.');
INSERT INTO DESCRIZIONE VALUES (29, 'Avventura in Montagna Estiva', 'Esplora le montagne durante l''estate con escursioni e sport all''aperto.');
INSERT INTO DESCRIZIONE VALUES (30, 'Hotel Bella Vista', 'Un hotel di lusso con vista panoramica sulla baia.');
INSERT INTO DESCRIZIONE VALUES (31, 'Casa delle Montagne', 'Una casa accogliente nelle Alpi con vista sulle montagne.');
INSERT INTO DESCRIZIONE VALUES (32, 'Suite di lusso al centro', 'Una suite elegante nel cuore della città.');
INSERT INTO DESCRIZIONE VALUES (33, 'Appartamento sul mare', 'Un appartamento affacciato sulla spiaggia di sabbia bianca.');
INSERT INTO DESCRIZIONE VALUES (34, 'Chalet di montagna', 'Un accogliente chalet di legno nelle montagne.');
INSERT INTO DESCRIZIONE VALUES (35, 'Hotel Elegante', 'Un hotel di lusso nel centro della città.');
INSERT INTO DESCRIZIONE VALUES (36, 'Suite vista mare', 'Una suite di lusso con vista panoramica sul mare.');
INSERT INTO DESCRIZIONE VALUES (37, 'Appartamento nel centro storico', 'Un appartamento nel cuore della città antica.');
INSERT INTO DESCRIZIONE VALUES (38, 'Villa tranquilla', 'Una villa spaziosa con giardino, perfetta per una vacanza rilassante.');
INSERT INTO DESCRIZIONE VALUES (39, 'Resort sulla spiaggia', 'Un resort a cinque stelle direttamente sulla spiaggia.');
INSERT INTO DESCRIZIONE VALUES (40, 'Appartamento moderno', 'Un appartamento moderno con una vista panoramica sulla città.');
INSERT INTO DESCRIZIONE VALUES (41, 'Chalet di montagna accogliente', 'Un chalet di montagna con camino per una fuga invernale.');
INSERT INTO DESCRIZIONE VALUES (42, 'Suite di lusso con jacuzzi', 'Una suite di lusso con jacuzzi privata.');
INSERT INTO DESCRIZIONE VALUES (43, 'Appartamento vista mare', 'Un appartamento con vista sul mare e accesso diretto alla spiaggia.');
INSERT INTO DESCRIZIONE VALUES (44, 'Hotel nel centro storico', 'Un affascinante hotel nel cuore del centro storico.');
INSERT INTO DESCRIZIONE VALUES (45, 'Villa sulle colline', 'Una villa con piscina immersa nelle colline toscane.');
INSERT INTO ALLOGGIO VALUES (2, 'Appartamento Serenità', NULL, 'Appartamento', 37, 'Via della Repubblica 50');
INSERT INTO ALLOGGIO VALUES (5, 'Casa Vista Mare', NULL, 'Casa', 39, 'Via Alessandro Volta 56');
INSERT INTO ALLOGGIO VALUES (6, 'Appartamento Vista Incantata', NULL, 'Appartamento', 33, 'Via Alessandro Volta 56');
INSERT INTO ALLOGGIO VALUES (8, 'Casa dei Ciliegi', NULL, 'Casa', 38, 'Piazza Duomo 1');
INSERT INTO ALLOGGIO VALUES (9, 'Appartamento Serenità', NULL, 'Appartamento', 30, 'Via della Repubblica 50');
INSERT INTO ALLOGGIO VALUES (10, 'Casa del Bosco', NULL, 'Casa', 36, 'Via dei Mille 95');
INSERT INTO ALLOGGIO VALUES (27, 'Appartamento La Brezza', NULL, 'Appartamento', 41, 'Via Cavour 33');
INSERT INTO ALLOGGIO VALUES (15, 'Hotel Aurora', '1', 'Hotel', 43, 'Via Garibaldi 25');
INSERT INTO ALLOGGIO VALUES (17, 'Casa dei Gabbiani', NULL, 'Casa', 44, 'Piazza Navona 10');
INSERT INTO ALLOGGIO VALUES (29, 'Suite Etoile', NULL, 'Suite', 32, 'Via Carducci 60');
INSERT INTO ALLOGGIO VALUES (19, 'Casa delle Querce', NULL, 'Casa', 40, 'Piazza San Marco 7');
INSERT INTO ALLOGGIO VALUES (20, 'Appartamento Dolce Luna', NULL, 'Appartamento', 31, 'Via Cavour 33');
INSERT INTO ALLOGGIO VALUES (25, 'Appartamento La Brezza', NULL, 'Appartamento', 42, 'Via Manzoni 78');
INSERT INTO ALLOGGIO VALUES (27, 'Hotel Panorama', '5', 'Hotel', 35, 'Via Giotto 29');
INSERT INTO ALLOGGIO VALUES (29, 'Suite Notte Stellata', '3', 'Suite', 34, 'Via Garofalo 37');
INSERT INTO PACCHETTO_VIAGGIO VALUES(0, 1225.89, 4, 7, '2022-06-01', '2022-06-05', 'support@ViaggiNellaCultura.com', 3, 12, 27, 'Appartamento La Brezza');
INSERT INTO PACCHETTO_VIAGGIO VALUES(1, 1197.9, 1, 3, '2022-03-04', '2022-03-07', 'support@TurismoEcoAvventura.com', 2, 14, 15, 'Hotel Aurora');
INSERT INTO PACCHETTO_VIAGGIO VALUES(2, 1362.1, 1, 3, '2022-11-20', '2022-11-25', 'support@ViaggiNellaCultura.com', 1, 22, 5, 'Casa Vista Mare');
INSERT INTO PACCHETTO_VIAGGIO VALUES(3, 499.88, 1, 3, '2020-01-03', '2020-01-09', 'support@ViagginelFuturoAntico.com', 2, 12, 27, 'Appartamento La Brezza');
INSERT INTO PACCHETTO_VIAGGIO VALUES(4, 843.67, 2, 3, '2022-02-17', '2022-02-22', 'support@TurismoEcoAvventura.com', 3, 24, 15, 'Hotel Aurora');
INSERT INTO PACCHETTO_VIAGGIO VALUES(5, 733.46, 4, 1, '2024-05-06', '2024-05-19', 'support@ViagginelFuturoAntico.com', 3, 21, 2, 'Appartamento Serenità');
INSERT INTO PACCHETTO_VIAGGIO VALUES(6, 764.69, 1, 3, '2023-04-28', '2023-05-04', 'support@ViaggiNellaCultura.com', 1, 9, 17, 'Casa dei Gabbiani');
INSERT INTO PACCHETTO_VIAGGIO VALUES(7, 898.17, 3, 4, '2019-12-14', '2019-12-20', 'support@TurismoEcoAvventura.com', 1, 18, 5, 'Casa Vista Mare');
INSERT INTO PACCHETTO_VIAGGIO VALUES(8, 490.32, 2, 7, '2023-02-23', '2023-03-03', 'support@ViagginelFuturoAntico.com', 2, 18, 5, 'Casa Vista Mare');
INSERT INTO PACCHETTO_VIAGGIO VALUES(9, 1188.5, 2, 1, '2021-12-10', '2021-12-24', 'support@ViaggiNellaCultura.com', 1, 9, 29, 'Suite Etoile');
INSERT INTO PACCHETTO_VIAGGIO VALUES(10, 1067.79, 1, 4, '2022-11-05', '2022-11-14', 'support@ViaggiNellaCultura.com', 1, 5, 29, 'Suite Etoile');
INSERT INTO PACCHETTO_VIAGGIO VALUES(11, 763.21, 2, 7, '2021-06-04', '2021-06-16', 'support@ViagginelFuturoAntico.com', 3, 15, 2, 'Appartamento Serenità');
INSERT INTO PACCHETTO_VIAGGIO VALUES(12, 597.44, 4, 6, '2022-08-09', '2022-08-15', 'support@ViagginelFuturoAntico.com', 2, 21, 25, 'Appartamento La Brezza');
INSERT INTO PACCHETTO_VIAGGIO VALUES(13, 1356.76, 2, 7, '2020-10-17', '2020-10-20', 'support@TurismoEcoAvventura.com', 0, 26, 20, 'Appartamento Dolce Luna');
INSERT INTO PACCHETTO_VIAGGIO VALUES(14, 860.73, 4, 2, '2020-10-11', '2020-10-21', 'support@ViaggiNellaCultura.com', 3, 15, 17, 'Casa dei Gabbiani');
INSERT INTO AEROPORTO VALUES ('DRBZ', '17');
INSERT INTO AEROPORTO VALUES ('MOXE', '2');
INSERT INTO AEROPORTO VALUES ('PWYH', '29');
INSERT INTO AEROPORTO VALUES ('COSU', '27');
INSERT INTO AEROPORTO VALUES ('WVJO', '28');
INSERT INTO AEROPORTO VALUES ('GWEW', '15');
INSERT INTO AEROPORTO VALUES ('AKHK', '9');
INSERT INTO AEROPORTO VALUES ('UAYZ', '5');
INSERT INTO AEROPORTO VALUES ('DESJ', '4');
INSERT INTO AEROPORTO VALUES ('DEAB', '21');
INSERT INTO AEROPORTO VALUES ('SXOA', '25');
INSERT INTO AEROPORTO VALUES ('NVNK', '1');
INSERT INTO AEROPORTO VALUES ('SEXN', '0');
INSERT INTO AEROPORTO VALUES ('OPWW', '22');
INSERT INTO AEROPORTO VALUES ('TNGK', '20');
INSERT INTO AEROPORTO VALUES ('EZDP', '10');
INSERT INTO AEROPORTO VALUES ('CGRX', '24');
INSERT INTO AEROPORTO VALUES ('TMNH', '18');
INSERT INTO AEROPORTO VALUES ('PFXP', '12');
INSERT INTO AEROPORTO VALUES ('HRYY', '23');
INSERT INTO AEROPORTO VALUES ('LDUQ', '8');
INSERT INTO AEROPORTO VALUES ('CUHH', '13');
INSERT INTO AEROPORTO VALUES ('SWQX', '16');
INSERT INTO AEROPORTO VALUES ('UTSK', '11');
INSERT INTO AEROPORTO VALUES ('ALLG', '26');
INSERT INTO AEROPORTO VALUES ('MEBG', '3');
INSERT INTO AEROPORTO VALUES ('NLSK', '19');
INSERT INTO AEROPORTO VALUES ('QKQT', '6');
INSERT INTO VOLO VALUES(0, 'Economy Plus', 'Online', 1.1, 'team@EcoVoyageCruises.com', 'DRBZ', '2021-06-04 11:52:58', 'MOXE', '2021-06-04 20:52:58', 2);
INSERT INTO VOLO VALUES(2, 'Prima Classe', 'Online', 2.0, 'team@StarSailFerries.com', 'PWYH', '2022-06-01 06:14:44', 'COSU', '2022-06-01 12:14:44', 2);
INSERT INTO VOLO VALUES(4, 'Premium Economy', 'Aeroporto', 1.2, 'team@EcoVoyageCruises.com', 'WVJO', '2022-03-04 02:10:48', 'GWEW', '2022-03-04 05:10:48', 0);
INSERT INTO VOLO VALUES(6, 'Business', 'Online', 1.5, 'team@StarSailFerries.com', 'AKHK', '2022-11-20 20:02:37', 'UAYZ', '2022-11-20 23:02:37', 2);
INSERT INTO VOLO VALUES(8, 'Prima Classe', 'Aeroporto', 2.0, 'team@StarSailFerries.com', 'UAYZ', '2021-06-04 05:05:18', 'MOXE', '2021-06-04 11:05:18', 1);
INSERT INTO VOLO VALUES(10, 'Business Deluxe', 'Online', 1.8, 'team@EcoVoyageCruises.com', 'DESJ', '2024-05-06 11:03:55', 'MOXE', '2024-05-06 17:03:55', 7);
INSERT INTO VOLO VALUES(12, 'Business Deluxe', 'Online', 1.8, 'team@StarSailFerries.com', 'DEAB', '2019-12-14 16:08:46', 'UAYZ', '2019-12-15 01:08:46', 0);
INSERT INTO VOLO VALUES(14, 'Economy Plus', 'Aeroporto', 1.1, 'team@AirLinkExpress.com', 'COSU', '2023-02-23 16:54:55', 'UAYZ', '2023-02-24 00:54:55', 1);
INSERT INTO VOLO VALUES(16, 'Prima Classe', 'Aeroporto', 2.0, 'team@EcoVoyageCruises.com', 'SXOA', '2022-03-04 20:40:19', 'GWEW', '2022-03-05 00:40:19', 7);
INSERT INTO VOLO VALUES(18, 'Business Deluxe', 'Aeroporto', 1.8, 'team@StarSailFerries.com', 'SXOA', '2020-10-11 14:59:02', 'DRBZ', '2020-10-11 15:59:02', 6);
INSERT INTO VOLO VALUES(20, 'Premium Economy', 'Aeroporto', 1.2, 'team@AirLinkExpress.com', 'NVNK', '2022-08-09 01:20:44', 'SXOA', '2022-08-09 11:20:44', 6);
INSERT INTO VOLO VALUES(22, 'Premium Economy', 'Aeroporto', 1.2, 'team@EcoVoyageCruises.com', 'SEXN', '2021-06-04 00:24:32', 'MOXE', '2021-06-04 02:24:32', 4);
INSERT INTO VOLO VALUES(24, 'Prima Classe', 'Online', 2.0, 'team@EcoVoyageCruises.com', 'OPWW', '2020-10-17 03:41:03', 'TNGK', '2020-10-17 11:41:03', 2);
INSERT INTO VOLO VALUES(26, 'Economy Plus', 'Aeroporto', 1.1, 'team@StarSailFerries.com', 'EZDP', '2020-01-03 08:42:40', 'COSU', '2020-01-03 18:42:40', 0);
INSERT INTO VOLO VALUES(28, 'Prima Classe', 'Aeroporto', 2.0, 'team@AirLinkExpress.com', 'PWYH', '2022-02-17 08:40:44', 'GWEW', '2022-02-17 15:40:44', 3);
INSERT INTO VOLO VALUES(30, 'Business Deluxe', 'Aeroporto', 1.8, 'team@StarSailFerries.com', 'CGRX', '2022-11-05 05:29:48', 'PWYH', '2022-11-05 15:29:48', 1);
INSERT INTO VOLO VALUES(32, 'Economy', 'Online', 1.0, 'team@AirLinkExpress.com', 'TMNH', '2021-12-10 08:07:34', 'PWYH', '2021-12-10 16:07:34', 3);
INSERT INTO VOLO VALUES(34, 'Prima Classe', 'Aeroporto', 2.0, 'team@StarSailFerries.com', 'CGRX', '2022-11-20 05:49:22', 'UAYZ', '2022-11-20 10:49:22', 2);
INSERT INTO VOLO VALUES(36, 'Economy', 'Online', 1.0, 'team@AirLinkExpress.com', 'TNGK', '2020-01-03 21:21:37', 'COSU', '2020-01-04 04:21:37', 4);
INSERT INTO VOLO VALUES(38, 'Business', 'Online', 1.5, 'team@EcoVoyageCruises.com', 'EZDP', '2022-06-01 17:00:12', 'COSU', '2022-06-02 00:00:12', 5);
INSERT INTO VOLO VALUES(40, 'Economy', 'Online', 1.0, 'team@StarSailFerries.com', 'OPWW', '2020-01-03 05:19:23', 'COSU', '2020-01-03 07:19:23', 4);
INSERT INTO VOLO VALUES(42, 'Business Deluxe', 'Aeroporto', 1.8, 'team@EcoVoyageCruises.com', 'DESJ', '2022-02-17 11:05:26', 'GWEW', '2022-02-17 21:05:26', 3);
INSERT INTO VOLO VALUES(44, 'Business Deluxe', 'Aeroporto', 1.8, 'team@StarSailFerries.com', 'PFXP', '2022-08-09 10:23:02', 'SXOA', '2022-08-09 13:23:02', 1);
INSERT INTO VOLO VALUES(46, 'Economy Plus', 'Aeroporto', 1.1, 'team@EcoVoyageCruises.com', 'WVJO', '2021-06-04 02:07:35', 'MOXE', '2021-06-04 11:07:35', 4);
INSERT INTO VOLO VALUES(48, 'Premium Economy', 'Aeroporto', 1.2, 'team@AirLinkExpress.com', 'HRYY', '2021-06-04 17:32:26', 'MOXE', '2021-06-05 01:32:26', 9);
INSERT INTO VOLO VALUES(50, 'Business Deluxe', 'Online', 1.8, 'team@StarSailFerries.com', 'OPWW', '2020-10-17 10:21:53', 'TNGK', '2020-10-17 12:21:53', 3);
INSERT INTO VOLO VALUES(52, 'Business', 'Aeroporto', 1.5, 'team@StarSailFerries.com', 'TMNH', '2022-11-05 18:51:59', 'PWYH', '2022-11-05 23:51:59', 7);
INSERT INTO VOLO VALUES(54, 'Economy Plus', 'Online', 1.1, 'team@AirLinkExpress.com', 'AKHK', '2020-10-11 16:13:55', 'DRBZ', '2020-10-11 20:13:55', 7);
INSERT INTO VOLO VALUES(56, 'Economy Plus', 'Aeroporto', 1.1, 'team@StarSailFerries.com', 'LDUQ', '2022-11-20 11:58:07', 'UAYZ', '2022-11-20 12:58:07', 3);
INSERT INTO VOLO VALUES(58, 'Economy', 'Aeroporto', 1.0, 'team@EcoVoyageCruises.com', 'PFXP', '2021-06-04 16:04:28', 'MOXE', '2021-06-04 17:04:28', 4);
INSERT INTO VOLO VALUES(60, 'Prima Classe', 'Aeroporto', 2.0, 'team@EcoVoyageCruises.com', 'CUHH', '2020-10-17 16:48:30', 'TNGK', '2020-10-17 20:48:30', 2);
INSERT INTO VOLO VALUES(62, 'Business Deluxe', 'Aeroporto', 1.8, 'team@StarSailFerries.com', 'HRYY', '2019-12-14 23:48:16', 'UAYZ', '2019-12-15 07:48:16', 6);
INSERT INTO VOLO VALUES(64, 'Business', 'Aeroporto', 1.5, 'team@AirLinkExpress.com', 'SWQX', '2022-08-09 19:51:25', 'SXOA', '2022-08-10 01:51:25', 5);
INSERT INTO VOLO VALUES(66, 'Economy', 'Online', 1.0, 'team@AirLinkExpress.com', 'UTSK', '2022-11-05 07:30:57', 'PWYH', '2022-11-05 14:30:57', 9);
INSERT INTO VOLO VALUES(68, 'Premium Economy', 'Aeroporto', 1.2, 'team@EcoVoyageCruises.com', 'MOXE', '2022-06-01 06:38:23', 'COSU', '2022-06-01 13:38:23', 7);
INSERT INTO VOLO VALUES(70, 'Prima Classe', 'Aeroporto', 2.0, 'team@EcoVoyageCruises.com', 'DESJ', '2021-06-04 18:17:22', 'MOXE', '2021-06-05 04:17:22', 3);
INSERT INTO VOLO VALUES(72, 'Economy Plus', 'Aeroporto', 1.1, 'team@AirLinkExpress.com', 'DEAB', '2020-10-17 10:45:08', 'TNGK', '2020-10-17 11:45:08', 2);
INSERT INTO VOLO VALUES(74, 'Prima Classe', 'Aeroporto', 2.0, 'team@AirLinkExpress.com', 'UTSK', '2022-06-01 05:24:53', 'COSU', '2022-06-01 11:24:53', 4);
INSERT INTO VOLO VALUES(76, 'Economy Plus', 'Aeroporto', 1.1, 'team@EcoVoyageCruises.com', 'ALLG', '2022-03-04 13:02:37', 'GWEW', '2022-03-04 16:02:37', 5);
INSERT INTO VOLO VALUES(78, 'Prima Classe', 'Aeroporto', 2.0, 'team@AirLinkExpress.com', 'MEBG', '2022-06-01 09:51:29', 'COSU', '2022-06-01 16:51:29', 2);
INSERT INTO VOLO VALUES(80, 'Economy', 'Aeroporto', 1.0, 'team@EcoVoyageCruises.com', 'OPWW', '2022-08-09 15:11:24', 'SXOA', '2022-08-09 18:11:24', 2);
INSERT INTO VOLO VALUES(82, 'Economy', 'Online', 1.0, 'team@StarSailFerries.com', 'HRYY', '2020-10-17 07:41:49', 'TNGK', '2020-10-17 15:41:49', 3);
INSERT INTO VOLO VALUES(84, 'Business Deluxe', 'Aeroporto', 1.8, 'team@AirLinkExpress.com', 'NLSK', '2023-02-23 04:54:13', 'UAYZ', '2023-02-23 14:54:13', 7);
INSERT INTO VOLO VALUES(86, 'Premium Economy', 'Online', 1.2, 'team@StarSailFerries.com', 'DEAB', '2023-04-28 04:30:53', 'DRBZ', '2023-04-28 14:30:53', 0);
INSERT INTO VOLO VALUES(88, 'Economy Plus', 'Online', 1.1, 'team@StarSailFerries.com', 'WVJO', '2023-02-23 01:34:21', 'UAYZ', '2023-02-23 09:34:21', 6);
INSERT INTO VOLO VALUES(90, 'Economy Standard', 'Online', 1.0, 'team@StarSailFerries.com', 'SEXN', '2023-02-23 10:37:23', 'UAYZ', '2023-02-23 20:37:23', 4);
INSERT INTO VOLO VALUES(92, 'Premium Economy', 'Aeroporto', 1.2, 'team@AirLinkExpress.com', 'OPWW', '2022-11-05 07:11:25', 'PWYH', '2022-11-05 17:11:25', 1);
INSERT INTO VOLO VALUES(94, 'Premium Economy', 'Aeroporto', 1.2, 'team@EcoVoyageCruises.com', 'SXOA', '2023-04-28 06:10:30', 'DRBZ', '2023-04-28 10:10:30', 5);
INSERT INTO VOLO VALUES(96, 'Prima Classe', 'Aeroporto', 2.0, 'team@EcoVoyageCruises.com', 'DEAB', '2020-10-17 11:36:38', 'TNGK', '2020-10-17 20:36:38', 5);
INSERT INTO VOLO VALUES(98, 'Economy Plus', 'Online', 1.1, 'team@AirLinkExpress.com', 'MEBG', '2023-04-28 05:28:10', 'DRBZ', '2023-04-28 15:28:10', 1);
INSERT INTO VOLO VALUES(100, 'Business Deluxe', 'Online', 1.8, 'team@AirLinkExpress.com', 'UAYZ', '2022-02-17 01:12:48', 'GWEW', '2022-02-17 07:12:48', 7);
INSERT INTO VOLO VALUES(102, 'Prima Classe', 'Online', 2.0, 'team@StarSailFerries.com', 'OPWW', '2022-08-09 18:55:06', 'SXOA', '2022-08-10 02:55:06', 2);
INSERT INTO VOLO VALUES(104, 'Economy Standard', 'Online', 1.0, 'team@EcoVoyageCruises.com', 'SWQX', '2023-02-23 06:17:47', 'UAYZ', '2023-02-23 13:17:47', 5);
INSERT INTO VOLO VALUES(106, 'Business', 'Aeroporto', 1.5, 'team@AirLinkExpress.com', 'WVJO', '2022-06-01 04:33:32', 'COSU', '2022-06-01 11:33:32', 6);
INSERT INTO VOLO VALUES(108, 'Economy Plus', 'Online', 1.1, 'team@AirLinkExpress.com', 'CUHH', '2022-08-09 16:27:28', 'SXOA', '2022-08-09 20:27:28', 7);
INSERT INTO VOLO VALUES(110, 'Premium Economy', 'Aeroporto', 1.2, 'team@StarSailFerries.com', 'QKQT', '2023-02-23 06:52:44', 'UAYZ', '2023-02-23 14:52:44', 2);
INSERT INTO VOLO VALUES(112, 'Business', 'Online', 1.5, 'team@EcoVoyageCruises.com', 'HRYY', '2019-12-14 12:58:18', 'UAYZ', '2019-12-14 21:58:18', 6);
INSERT INTO VOLO VALUES(114, 'Economy Plus', 'Online', 1.1, 'team@EcoVoyageCruises.com', 'MEBG', '2020-10-17 21:12:40', 'TNGK', '2020-10-18 00:12:40', 4);
INSERT INTO VOLO VALUES(116, 'Prima Classe', 'Online', 2.0, 'team@EcoVoyageCruises.com', 'CUHH', '2023-02-23 03:17:59', 'UAYZ', '2023-02-23 04:17:59', 4);
INSERT INTO VOLO VALUES(118, 'Prima Classe', 'Aeroporto', 2.0, 'team@EcoVoyageCruises.com', 'SWQX', '2022-06-01 17:28:11', 'COSU', '2022-06-01 21:28:11', 6);
INSERT INTO VOLO VALUES(120, 'Economy Standard', 'Online', 1.0, 'team@StarSailFerries.com', 'NVNK', '2019-12-14 00:31:56', 'UAYZ', '2019-12-14 10:31:56', 4);
INSERT INTO VOLO VALUES(1, 'Economy Standard', 'Online', 1.0, 'team@StarSailFerries.com', 'MOXE', '2021-06-16 09:31:34', 'DRBZ', '2021-06-16 18:31:34', 2);
INSERT INTO VOLO VALUES(3, 'Business Deluxe', 'Online', 1.8, 'team@EcoVoyageCruises.com', 'COSU', '2022-06-05 09:22:00', 'PWYH', '2022-06-05 15:22:00', 2);
INSERT INTO VOLO VALUES(5, 'Economy', 'Online', 1.0, 'team@EcoVoyageCruises.com', 'GWEW', '2022-03-07 13:27:17', 'WVJO', '2022-03-07 16:27:17', 0);
INSERT INTO VOLO VALUES(7, 'Economy Plus', 'Online', 1.1, 'team@EcoVoyageCruises.com', 'UAYZ', '2022-11-25 23:04:00', 'AKHK', '2022-11-26 02:04:00', 2);
INSERT INTO VOLO VALUES(9, 'Business', 'Online', 1.5, 'team@AirLinkExpress.com', 'MOXE', '2021-06-16 16:43:43', 'UAYZ', '2021-06-16 22:43:43', 1);
INSERT INTO VOLO VALUES(11, 'Business', 'Online', 1.5, 'team@EcoVoyageCruises.com', 'MOXE', '2024-05-19 03:07:44', 'DESJ', '2024-05-19 09:07:44', 7);
INSERT INTO VOLO VALUES(13, 'Economy Plus', 'Aeroporto', 1.1, 'team@AirLinkExpress.com', 'UAYZ', '2019-12-20 16:46:22', 'DEAB', '2019-12-21 01:46:22', 0);
INSERT INTO VOLO VALUES(15, 'Business', 'Online', 1.5, 'team@AirLinkExpress.com', 'UAYZ', '2023-03-03 14:42:15', 'COSU', '2023-03-03 22:42:15', 1);
INSERT INTO VOLO VALUES(17, 'Business', 'Aeroporto', 1.5, 'team@EcoVoyageCruises.com', 'GWEW', '2022-03-07 22:00:40', 'SXOA', '2022-03-08 02:00:40', 7);
INSERT INTO VOLO VALUES(19, 'Economy Plus', 'Online', 1.1, 'team@AirLinkExpress.com', 'DRBZ', '2020-10-21 23:06:53', 'SXOA', '2020-10-22 00:06:53', 6);
INSERT INTO VOLO VALUES(21, 'Business Deluxe', 'Aeroporto', 1.8, 'team@StarSailFerries.com', 'SXOA', '2022-08-15 10:46:21', 'NVNK', '2022-08-15 20:46:21', 6);
INSERT INTO VOLO VALUES(23, 'Economy Standard', 'Aeroporto', 1.0, 'team@EcoVoyageCruises.com', 'MOXE', '2021-06-16 03:19:09', 'SEXN', '2021-06-16 05:19:09', 4);
INSERT INTO VOLO VALUES(25, 'Economy Standard', 'Aeroporto', 1.0, 'team@StarSailFerries.com', 'TNGK', '2020-10-20 21:18:02', 'OPWW', '2020-10-21 05:18:02', 2);
INSERT INTO VOLO VALUES(27, 'Economy', 'Aeroporto', 1.0, 'team@AirLinkExpress.com', 'COSU', '2020-01-09 01:34:40', 'EZDP', '2020-01-09 11:34:40', 0);
INSERT INTO VOLO VALUES(29, 'Business', 'Aeroporto', 1.5, 'team@EcoVoyageCruises.com', 'GWEW', '2022-02-22 04:09:37', 'PWYH', '2022-02-22 11:09:37', 3);
INSERT INTO VOLO VALUES(31, 'Prima Classe', 'Online', 2.0, 'team@EcoVoyageCruises.com', 'PWYH', '2022-11-14 23:48:18', 'CGRX', '2022-11-15 09:48:18', 1);
INSERT INTO VOLO VALUES(33, 'Economy Standard', 'Aeroporto', 1.0, 'team@AirLinkExpress.com', 'PWYH', '2021-12-24 21:30:09', 'TMNH', '2021-12-25 05:30:09', 3);
INSERT INTO VOLO VALUES(35, 'Economy Plus', 'Online', 1.1, 'team@StarSailFerries.com', 'UAYZ', '2022-11-25 14:22:13', 'CGRX', '2022-11-25 19:22:13', 2);
INSERT INTO VOLO VALUES(37, 'Economy Standard', 'Online', 1.0, 'team@AirLinkExpress.com', 'COSU', '2020-01-09 17:51:35', 'TNGK', '2020-01-10 00:51:35', 4);
INSERT INTO VOLO VALUES(39, 'Economy', 'Online', 1.0, 'team@StarSailFerries.com', 'COSU', '2022-06-05 22:02:23', 'EZDP', '2022-06-06 05:02:23', 5);
INSERT INTO VOLO VALUES(41, 'Business', 'Aeroporto', 1.5, 'team@EcoVoyageCruises.com', 'COSU', '2020-01-09 23:06:47', 'OPWW', '2020-01-10 01:06:47', 4);
INSERT INTO VOLO VALUES(43, 'Economy Plus', 'Aeroporto', 1.1, 'team@StarSailFerries.com', 'GWEW', '2022-02-22 13:28:37', 'DESJ', '2022-02-22 23:28:37', 3);
INSERT INTO VOLO VALUES(45, 'Economy Standard', 'Online', 1.0, 'team@AirLinkExpress.com', 'SXOA', '2022-08-15 11:31:41', 'PFXP', '2022-08-15 14:31:41', 1);
INSERT INTO VOLO VALUES(47, 'Economy', 'Aeroporto', 1.0, 'team@StarSailFerries.com', 'MOXE', '2021-06-16 23:03:19', 'WVJO', '2021-06-17 08:03:19', 4);
INSERT INTO VOLO VALUES(49, 'Economy Standard', 'Aeroporto', 1.0, 'team@AirLinkExpress.com', 'MOXE', '2021-06-16 09:39:07', 'HRYY', '2021-06-16 17:39:07', 9);
INSERT INTO VOLO VALUES(51, 'Economy', 'Online', 1.0, 'team@EcoVoyageCruises.com', 'TNGK', '2020-10-20 04:22:40', 'OPWW', '2020-10-20 06:22:40', 3);
INSERT INTO VOLO VALUES(53, 'Economy Plus', 'Online', 1.1, 'team@StarSailFerries.com', 'PWYH', '2022-11-14 15:02:40', 'TMNH', '2022-11-14 20:02:40', 7);
INSERT INTO VOLO VALUES(55, 'Economy Plus', 'Aeroporto', 1.1, 'team@EcoVoyageCruises.com', 'DRBZ', '2020-10-21 20:13:32', 'AKHK', '2020-10-22 00:13:32', 7);
INSERT INTO VOLO VALUES(57, 'Economy Plus', 'Online', 1.1, 'team@EcoVoyageCruises.com', 'UAYZ', '2022-11-25 21:46:11', 'LDUQ', '2022-11-25 22:46:11', 3);
INSERT INTO VOLO VALUES(59, 'Economy Standard', 'Online', 1.0, 'team@StarSailFerries.com', 'MOXE', '2021-06-16 18:05:31', 'PFXP', '2021-06-16 19:05:31', 4);
INSERT INTO VOLO VALUES(61, 'Prima Classe', 'Aeroporto', 2.0, 'team@EcoVoyageCruises.com', 'TNGK', '2020-10-20 03:45:53', 'CUHH', '2020-10-20 07:45:53', 2);
INSERT INTO VOLO VALUES(63, 'Business', 'Online', 1.5, 'team@StarSailFerries.com', 'UAYZ', '2019-12-20 14:48:40', 'HRYY', '2019-12-20 22:48:40', 6);
INSERT INTO VOLO VALUES(65, 'Economy Standard', 'Aeroporto', 1.0, 'team@EcoVoyageCruises.com', 'SXOA', '2022-08-15 12:21:52', 'SWQX', '2022-08-15 18:21:52', 5);
INSERT INTO VOLO VALUES(67, 'Prima Classe', 'Online', 2.0, 'team@AirLinkExpress.com', 'PWYH', '2022-11-14 13:36:35', 'UTSK', '2022-11-14 20:36:35', 9);
INSERT INTO VOLO VALUES(69, 'Economy Plus', 'Aeroporto', 1.1, 'team@EcoVoyageCruises.com', 'COSU', '2022-06-05 06:56:10', 'MOXE', '2022-06-05 13:56:10', 7);
INSERT INTO VOLO VALUES(71, 'Business', 'Online', 1.5, 'team@AirLinkExpress.com', 'MOXE', '2021-06-16 16:20:54', 'DESJ', '2021-06-17 02:20:54', 3);
INSERT INTO VOLO VALUES(73, 'Prima Classe', 'Aeroporto', 2.0, 'team@StarSailFerries.com', 'TNGK', '2020-10-20 05:23:25', 'DEAB', '2020-10-20 06:23:25', 2);
INSERT INTO VOLO VALUES(75, 'Premium Economy', 'Online', 1.2, 'team@EcoVoyageCruises.com', 'COSU', '2022-06-05 00:19:42', 'UTSK', '2022-06-05 06:19:42', 4);
INSERT INTO VOLO VALUES(77, 'Business Deluxe', 'Aeroporto', 1.8, 'team@AirLinkExpress.com', 'GWEW', '2022-03-07 16:46:25', 'ALLG', '2022-03-07 19:46:25', 5);
INSERT INTO VOLO VALUES(79, 'Prima Classe', 'Online', 2.0, 'team@AirLinkExpress.com', 'COSU', '2022-06-05 15:55:03', 'MEBG', '2022-06-05 22:55:03', 2);
INSERT INTO VOLO VALUES(81, 'Business Deluxe', 'Online', 1.8, 'team@AirLinkExpress.com', 'SXOA', '2022-08-15 10:04:52', 'OPWW', '2022-08-15 13:04:52', 2);
INSERT INTO VOLO VALUES(83, 'Economy Plus', 'Aeroporto', 1.1, 'team@AirLinkExpress.com', 'TNGK', '2020-10-20 01:53:08', 'HRYY', '2020-10-20 09:53:08', 3);
INSERT INTO VOLO VALUES(85, 'Economy Plus', 'Online', 1.1, 'team@AirLinkExpress.com', 'UAYZ', '2023-03-03 02:33:21', 'NLSK', '2023-03-03 12:33:21', 7);
INSERT INTO VOLO VALUES(87, 'Economy Standard', 'Aeroporto', 1.0, 'team@AirLinkExpress.com', 'DRBZ', '2023-05-04 05:16:43', 'DEAB', '2023-05-04 15:16:43', 0);
INSERT INTO VOLO VALUES(89, 'Economy', 'Online', 1.0, 'team@EcoVoyageCruises.com', 'UAYZ', '2023-03-03 10:36:57', 'WVJO', '2023-03-03 18:36:57', 6);
INSERT INTO VOLO VALUES(91, 'Business Deluxe', 'Aeroporto', 1.8, 'team@StarSailFerries.com', 'UAYZ', '2023-03-03 08:30:44', 'SEXN', '2023-03-03 18:30:44', 4);
INSERT INTO VOLO VALUES(93, 'Business', 'Online', 1.5, 'team@AirLinkExpress.com', 'PWYH', '2022-11-14 19:06:59', 'OPWW', '2022-11-15 05:06:59', 1);
INSERT INTO VOLO VALUES(95, 'Premium Economy', 'Online', 1.2, 'team@AirLinkExpress.com', 'DRBZ', '2023-05-04 20:29:00', 'SXOA', '2023-05-05 00:29:00', 5);
INSERT INTO VOLO VALUES(97, 'Economy', 'Online', 1.0, 'team@StarSailFerries.com', 'TNGK', '2020-10-20 10:50:06', 'DEAB', '2020-10-20 19:50:06', 5);
INSERT INTO VOLO VALUES(99, 'Economy Standard', 'Online', 1.0, 'team@StarSailFerries.com', 'DRBZ', '2023-05-04 12:51:42', 'MEBG', '2023-05-04 22:51:42', 1);
INSERT INTO VOLO VALUES(101, 'Business', 'Online', 1.5, 'team@EcoVoyageCruises.com', 'GWEW', '2022-02-22 02:51:59', 'UAYZ', '2022-02-22 08:51:59', 7);
INSERT INTO VOLO VALUES(103, 'Economy Plus', 'Aeroporto', 1.1, 'team@EcoVoyageCruises.com', 'SXOA', '2022-08-15 06:17:59', 'OPWW', '2022-08-15 14:17:59', 2);
INSERT INTO VOLO VALUES(105, 'Business', 'Online', 1.5, 'team@StarSailFerries.com', 'UAYZ', '2023-03-03 08:57:12', 'SWQX', '2023-03-03 15:57:12', 5);
INSERT INTO VOLO VALUES(107, 'Business Deluxe', 'Aeroporto', 1.8, 'team@StarSailFerries.com', 'COSU', '2022-06-05 19:42:53', 'WVJO', '2022-06-06 02:42:53', 6);
INSERT INTO VOLO VALUES(109, 'Business Deluxe', 'Online', 1.8, 'team@StarSailFerries.com', 'SXOA', '2022-08-15 06:17:47', 'CUHH', '2022-08-15 10:17:47', 7);
INSERT INTO VOLO VALUES(111, 'Business Deluxe', 'Aeroporto', 1.8, 'team@EcoVoyageCruises.com', 'UAYZ', '2023-03-03 22:08:57', 'QKQT', '2023-03-04 06:08:57', 2);
INSERT INTO VOLO VALUES(113, 'Economy Plus', 'Online', 1.1, 'team@EcoVoyageCruises.com', 'UAYZ', '2019-12-20 17:53:07', 'HRYY', '2019-12-21 02:53:07', 6);
INSERT INTO VOLO VALUES(115, 'Economy Standard', 'Online', 1.0, 'team@StarSailFerries.com', 'TNGK', '2020-10-20 15:34:32', 'MEBG', '2020-10-20 18:34:32', 4);
INSERT INTO VOLO VALUES(117, 'Business Deluxe', 'Online', 1.8, 'team@EcoVoyageCruises.com', 'UAYZ', '2023-03-03 02:30:02', 'CUHH', '2023-03-03 03:30:02', 4);
INSERT INTO VOLO VALUES(119, 'Economy Standard', 'Online', 1.0, 'team@StarSailFerries.com', 'COSU', '2022-06-05 07:48:37', 'SWQX', '2022-06-05 11:48:37', 6);
INSERT INTO VOLO VALUES(121, 'Economy Standard', 'Aeroporto', 1.0, 'team@StarSailFerries.com', 'UAYZ', '2019-12-20 20:16:31', 'NVNK', '2019-12-21 06:16:31', 4);
INSERT INTO TRANSAZIONE VALUES ('BDYHKEWLHHIBHZUG', 'TransactTrust', 1530.62, 'CapitalCrossing', '2021-05-07 09:08:37');
INSERT INTO TRANSAZIONE VALUES ('PVRONIGYBHTMCMVT', 'InnovaBank', 2459.38, 'TransaFondo', '2022-05-06 17:57:43');
INSERT INTO TRANSAZIONE VALUES ('YZQJIAEKWAKHKHZF', 'SecureSavings', 1200.1, 'MoneyMover', '2022-02-01 13:19:01');
INSERT INTO TRANSAZIONE VALUES ('TPAUQYFXENZOVDRE', 'Hamlin, Hamlin & McGill (HHM)', 1364.7, 'BancaLink Global', '2022-10-27 15:16:42');
INSERT INTO TRANSAZIONE VALUES ('TAFKKVBGUUDVWEER', 'CapitalSecure', 1533.42, 'MonetaSecure', '2021-05-06 19:16:31');
INSERT INTO TRANSAZIONE VALUES ('GNACUNLSPFVXYYDV', 'Hamlin, Hamlin & McGill (HHM)', 2947.04, 'FinanzaSwift', '2024-04-22 23:39:28');
INSERT INTO TRANSAZIONE VALUES ('QPSEICIEKBVKFLFY', 'GlobalTrust Bank', 1802.14, 'TrustFund Express', '2019-11-16 10:20:41');
INSERT INTO TRANSAZIONE VALUES ('JMZZOASXWEPVMYSH', 'NexaFinance', 492.92, 'FinanzaTrust', '2023-02-08 10:34:38');
INSERT INTO TRANSAZIONE VALUES ('IOOFRGSTLKGSOYNL', 'SmartBank', 1201.4, 'TrustFund Express', '2022-02-21 03:43:50');
INSERT INTO TRANSAZIONE VALUES ('GIWMWRLJYYYWZRLU', 'InnovaBank', 1727.26, 'FinanzaTrust', '2020-09-23 16:35:50');
INSERT INTO TRANSAZIONE VALUES ('AAYUXQWCOVNLJJKB', 'SafeInvestment', 1801.32, 'MoneyMover', '2022-07-28 16:59:15');
INSERT INTO TRANSAZIONE VALUES ('GQFVEYSBGVBWLVYA', 'InnovaBank', 1530.82, 'MoneyMover', '2021-05-19 08:39:23');
INSERT INTO TRANSAZIONE VALUES ('GOEKRJHEEXLOKGIT', 'FirstChoiceFinance', 2719.52, 'EasyExchange', '2020-10-02 19:54:03');
INSERT INTO TRANSAZIONE VALUES ('VADKYAXJCGNEAQSX', 'FinanzaProgress', 501.98, 'MonetaSecure', '2019-12-13 03:12:03');
INSERT INTO TRANSAZIONE VALUES ('BLAVNXWNYLOHFWYB', 'LibraBank', 1694.34, 'MonetaSecure', '2022-02-06 04:46:26');
INSERT INTO TRANSAZIONE VALUES ('XIBTPNYJVJUOPXUJ', 'SmartBank', 1071.59, 'MoneyMover', '2022-10-14 03:09:50');
INSERT INTO TRANSAZIONE VALUES ('JWLEWGGUDLWMVRCK', 'WealthLink Bank', 1190.5, 'BancaNet Connect', '2021-11-23 07:17:23');
INSERT INTO TRANSAZIONE VALUES ('XJLJSNWHZURJICSW', 'Prosperity Bank', 1365.2, 'MonetaFlow', '2022-11-09 19:11:53');
INSERT INTO TRANSAZIONE VALUES ('DLFIWXKKTCVEVDPC', 'Sunrise Savings', 501.88, 'CapitalNet', '2019-12-25 04:16:26');
INSERT INTO TRANSAZIONE VALUES ('BVQCDFLNKGSEBQFT', 'TrustWave', 1228.39, 'SecureTransact', '2022-05-02 05:03:44');
INSERT INTO TRANSAZIONE VALUES ('YFXTZTMWLEWCQEZX', 'UniCassa', 502.38, 'FinanzaLink', '2019-12-08 13:23:17');
INSERT INTO TRANSAZIONE VALUES ('UTGFWGHBKMGNGPGH', 'SecureSavings', 1693.14, 'FinanzaTrust', '2022-01-30 12:14:31');
INSERT INTO TRANSAZIONE VALUES ('RCIZBSRRZFVPDDBS', 'CapitalSecure', 600.24, 'CashFlow Connect', '2022-07-25 12:31:18');
INSERT INTO TRANSAZIONE VALUES ('BOSDKZKYUFMSNYSZ', 'WealthLink Bank', 765.31, 'TrustFund Express', '2021-05-04 12:16:27');
INSERT INTO TRANSAZIONE VALUES ('ZOIOEQQKXBFPFLYA', 'GlobalTrust Bank', 1530.82, 'SecurePay Connect', '2021-05-26 18:44:13');
INSERT INTO TRANSAZIONE VALUES ('ARGEYQPGJOBARDYQ', 'Liberty Bank', 1359.56, 'FinanzaTrust', '2020-09-23 19:58:13');
INSERT INTO TRANSAZIONE VALUES ('OMUANCUOLXVBUKWI', 'NexaFinance', 1070.39, 'FinanzaSwift', '2022-10-10 05:17:44');
INSERT INTO TRANSAZIONE VALUES ('TMQQVXANBGMOVYWD', 'SafeInvestment', 3451.72, 'FinanzaTrust', '2020-09-23 21:05:37');
INSERT INTO TRANSAZIONE VALUES ('MLPHCNBMQVTXMDTE', 'Sunrise Savings', 1364.3, 'PayGuard Pro', '2022-11-01 17:42:13');
INSERT INTO TRANSAZIONE VALUES ('PSKBXVKVTUUBFSBU', 'SafeInvestment', 1530.42, 'CashFlow Connect', '2021-05-15 21:52:24');
INSERT INTO TRANSAZIONE VALUES ('MXOVRULUIMKCSADX', 'RisparmiSicuri', 1360.76, 'CapitalNet', '2020-09-23 17:29:50');
INSERT INTO TRANSAZIONE VALUES ('FTPFSSRPHNBPWSFR', 'TrustBank', 901.47, 'SecureTransact', '2019-11-13 04:48:10');
INSERT INTO TRANSAZIONE VALUES ('QWKRSFUUUPQDMWNI', 'HarborTrust', 599.94, 'MonetaShield', '2022-07-30 20:55:15');
INSERT INTO TRANSAZIONE VALUES ('VNPVBPKNJAFSYXQL', 'TransactTrust', 1070.79, 'SecureTransact', '2022-10-27 15:12:04');
INSERT INTO TRANSAZIONE VALUES ('FNJIBVITYMQMSEWF', 'WealthLink Bank', 4912.76, 'SecureTransact', '2022-05-17 12:20:16');
INSERT INTO TRANSAZIONE VALUES ('EOMTTQPZHEVGVLAW', 'SmartBank', 1533.42, 'PagamentiPlus', '2021-05-22 19:42:52');
INSERT INTO TRANSAZIONE VALUES ('AVRVWGLRHYIOYFRU', 'FinanzaProgress', 2719.72, 'CashWave', '2020-09-24 21:50:03');
INSERT INTO TRANSAZIONE VALUES ('UADVXIFVGIWOEFJY', 'TrustWave', 2458.18, 'FinanzaTrust', '2022-05-19 20:24:36');
INSERT INTO TRANSAZIONE VALUES ('JWOFSQPAFYXUVOZB', 'Liberty Bank', 1200.8, 'SecurePay Connect', '2022-02-01 13:06:36');
INSERT INTO TRANSAZIONE VALUES ('HMLKVUCOGMPVYRCM', 'SmartBank', 4919.56, 'CapitalNet', '2022-05-03 14:52:00');
INSERT INTO TRANSAZIONE VALUES ('HEIEYNLJSSBOTHIH', 'SafeInvestment', 1200.48, 'MonetaSecure', '2022-07-29 01:37:00');
INSERT INTO TRANSAZIONE VALUES ('XAQRRNEKXJYBEWOC', 'RisparmiSicuri', 1358.86, 'EasyExchange', '2020-09-19 01:37:49');
INSERT INTO TRANSAZIONE VALUES ('VHUTQTHBHGDNPWTY', 'FinanzaProgress', 493.22, 'MonetaSecure', '2023-02-15 03:22:59');
INSERT INTO TRANSAZIONE VALUES ('AMALOTPADYTNMBAY', 'NexaFinance', 766.89, 'PayGuard Pro', '2023-04-09 12:44:20');
INSERT INTO TRANSAZIONE VALUES ('JOZVXAHMIMUJSOIC', 'Hamlin, Hamlin & McGill (HHM)', 492.42, 'TrustFund Express', '2023-01-25 22:57:24');
INSERT INTO TRANSAZIONE VALUES ('RKJELBXGQIFQRWOS', 'InnovaBank', 986.24, 'BancaLink Global', '2023-01-30 18:50:37');
INSERT INTO TRANSAZIONE VALUES ('MTMNMEWTXFGHMRNI', 'GlobalTrust Bank', 1070.49, 'PayGuard Pro', '2022-10-26 02:30:45');
INSERT INTO TRANSAZIONE VALUES ('UXKJSMPCVPOKRQBJ', 'WealthLink Bank', 767.09, 'CapitalCrossing', '2023-04-19 18:05:31');
INSERT INTO TRANSAZIONE VALUES ('EAJVQJWTUSFDZNFD', 'NexaFinance', 1359.76, 'MonetaShield', '2020-09-21 04:08:21');
INSERT INTO TRANSAZIONE VALUES ('TXEEYGAAIAXQZUMC', 'SafeInvestment', 766.79, 'BancaLink Global', '2023-04-03 14:02:02');
INSERT INTO TRANSAZIONE VALUES ('QTKODWFXTOIJXHTN', 'SecureSavings', 1693.94, 'CashFlow Connect', '2022-02-01 00:28:13');
INSERT INTO TRANSAZIONE VALUES ('KHRVXKESIJNMELGJ', 'SecureSavings', 2402.16, 'SecureTransact', '2022-07-27 16:07:51');
INSERT INTO TRANSAZIONE VALUES ('AHKEAGZCQLJQTMHM', 'Prosperity Bank', 985.64, 'MonetaFlow', '2023-02-11 12:25:00');
INSERT INTO TRANSAZIONE VALUES ('SOCYLCDTXVESLVXV', 'SafeInvestment', 1229.19, 'FinanzaLink', '2022-05-14 07:03:17');
INSERT INTO TRANSAZIONE VALUES ('MNYTCRULCOLDIPXN', 'HarborTrust', 1801.02, 'TrustFund Express', '2022-07-18 18:49:12');
INSERT INTO TRANSAZIONE VALUES ('UEBGJMIKMFVUCBLE', 'SavingsFirst', 986.64, 'CashWave', '2023-01-31 21:30:16');
INSERT INTO TRANSAZIONE VALUES ('CBGFSVIYGPSYOKBK', 'Banca del Futuro', 900.77, 'TransaFondo', '2019-11-24 18:15:11');
INSERT INTO TRANSAZIONE VALUES ('QHXEOHUMWUPIFQTG', 'Prosperity Bank', 1358.86, 'EasyExchange', '2020-09-25 20:33:05');
INSERT INTO TRANSAZIONE VALUES ('VMAOAGMHAQLSQJZB', 'Prosperity Bank', 494.12, 'TrustFund Express', '2023-02-07 16:24:53');
INSERT INTO TRANSAZIONE VALUES ('UHEGIJFSETWMGIWS', 'RisparmiSicuri', 1228.89, 'TrustFund Express', '2022-05-07 07:23:07');
INSERT INTO TRANSAZIONE VALUES ('NDJHFZBBKPEQMNDT', 'TrustWave', 900.17, 'FinanzaTrust', '2019-11-24 07:08:37');
INSERT INTO PRENOTAZIONE VALUES('BDYHKEWLHHIBHZUG', 'Adriano.Cimarosa@fastmail.org', 2, 11);
INSERT INTO PRENOTAZIONE VALUES('PVRONIGYBHTMCMVT', 'Giorgio.Fornaciari@lambda.mail.it', 2, 0);
INSERT INTO PRENOTAZIONE VALUES('YZQJIAEKWAKHKHZF', 'Alfredo.Troisi@email.com', 1, 1);
INSERT INTO PRENOTAZIONE VALUES('TPAUQYFXENZOVDRE', 'Paride.Peano@fastmail.org', 1, 2);
INSERT INTO PRENOTAZIONE VALUES('TAFKKVBGUUDVWEER', 'Briccialdi67@Briccialdi@email.com', 2, 11);
INSERT INTO PRENOTAZIONE VALUES('GNACUNLSPFVXYYDV', 'Armando.Castelli@fastmail.org', 4, 5);
INSERT INTO PRENOTAZIONE VALUES('QPSEICIEKBVKFLFY', 'Teresa.Ferrari@email.com', 2, 7);
INSERT INTO PRENOTAZIONE VALUES('JMZZOASXWEPVMYSH', 'Tebaldi72@Tebaldi@fastmail.org', 1, 8);
INSERT INTO PRENOTAZIONE VALUES('IOOFRGSTLKGSOYNL', 'Virginia.Piacentini@email.com', 1, 1);
INSERT INTO PRENOTAZIONE VALUES('GIWMWRLJYYYWZRLU', 'Gianfrancesco.Bonino@lambda.mail.it', 2, 14);
INSERT INTO PRENOTAZIONE VALUES('AAYUXQWCOVNLJJKB', 'Ruggero.Moresi@fastmail.org', 3, 12);
INSERT INTO PRENOTAZIONE VALUES('GQFVEYSBGVBWLVYA', 'Aporti87@Aporti@fastmail.org', 2, 11);
INSERT INTO PRENOTAZIONE VALUES('GOEKRJHEEXLOKGIT', 'Eleanora.Treves@fastmail.org', 2, 13);
INSERT INTO PRENOTAZIONE VALUES('VADKYAXJCGNEAQSX', 'Virginia.Piacentini@email.com', 1, 3);
INSERT INTO PRENOTAZIONE VALUES('BLAVNXWNYLOHFWYB', 'Sophia.Molesini@email.com', 2, 4);
INSERT INTO PRENOTAZIONE VALUES('XIBTPNYJVJUOPXUJ', 'Adriano.Cimarosa@fastmail.org', 1, 10);
INSERT INTO PRENOTAZIONE VALUES('JWLEWGGUDLWMVRCK', 'Paride.Peano@fastmail.org', 1, 9);
INSERT INTO PRENOTAZIONE VALUES('XJLJSNWHZURJICSW', 'Bosurgi82@Bosurgi@lambda.mail.it', 1, 2);
INSERT INTO PRENOTAZIONE VALUES('DLFIWXKKTCVEVDPC', 'Adriano.Cimarosa@fastmail.org', 1, 3);
INSERT INTO PRENOTAZIONE VALUES('BVQCDFLNKGSEBQFT', 'Armando.Castelli@fastmail.org', 1, 0);
INSERT INTO PRENOTAZIONE VALUES('YFXTZTMWLEWCQEZX', 'Giulio.Simeoni@fastmail.org', 1, 3);
INSERT INTO PRENOTAZIONE VALUES('UTGFWGHBKMGNGPGH', 'Tebaldi72@Tebaldi@fastmail.org', 2, 4);
INSERT INTO PRENOTAZIONE VALUES('RCIZBSRRZFVPDDBS', 'Modugno93@Modugno@lambda.mail.it', 1, 12);
INSERT INTO PRENOTAZIONE VALUES('BOSDKZKYUFMSNYSZ', 'Alfredo.Troisi@email.com', 1, 11);
INSERT INTO PRENOTAZIONE VALUES('ZOIOEQQKXBFPFLYA', 'Bosurgi82@Bosurgi@lambda.mail.it', 2, 11);
INSERT INTO PRENOTAZIONE VALUES('ARGEYQPGJOBARDYQ', 'Paride.Peano@fastmail.org', 1, 13);
INSERT INTO PRENOTAZIONE VALUES('OMUANCUOLXVBUKWI', 'Antonino.Cherubini@lambda.mail.it', 1, 10);
INSERT INTO PRENOTAZIONE VALUES('TMQQVXANBGMOVYWD', 'Aporti87@Aporti@fastmail.org', 4, 14);
INSERT INTO PRENOTAZIONE VALUES('MLPHCNBMQVTXMDTE', 'karenroberts@example.org', 1, 2);
INSERT INTO PRENOTAZIONE VALUES('PSKBXVKVTUUBFSBU', 'Antonella.Babato@fastmail.org', 2, 11);
INSERT INTO PRENOTAZIONE VALUES('MXOVRULUIMKCSADX', 'Alfredo.Troisi@email.com', 1, 13);
INSERT INTO PRENOTAZIONE VALUES('FTPFSSRPHNBPWSFR', 'Bosurgi82@Bosurgi@lambda.mail.it', 1, 7);
INSERT INTO PRENOTAZIONE VALUES('QWKRSFUUUPQDMWNI', 'Giulio.Simeoni@fastmail.org', 1, 12);
INSERT INTO PRENOTAZIONE VALUES('VNPVBPKNJAFSYXQL', 'Annibale.Grimani@fastmail.org', 1, 10);
INSERT INTO PRENOTAZIONE VALUES('FNJIBVITYMQMSEWF', 'Donatoni78@Donatoni@email.com', 4, 0);
INSERT INTO PRENOTAZIONE VALUES('EOMTTQPZHEVGVLAW', 'Giulio.Simeoni@fastmail.org', 2, 11);
INSERT INTO PRENOTAZIONE VALUES('AVRVWGLRHYIOYFRU', 'Ruggero.Moresi@fastmail.org', 2, 13);
INSERT INTO PRENOTAZIONE VALUES('UADVXIFVGIWOEFJY', 'Castioni85@Castioni@lambda.mail.it', 2, 0);
INSERT INTO PRENOTAZIONE VALUES('JWOFSQPAFYXUVOZB', 'Giulio.Simeoni@fastmail.org', 1, 1);
INSERT INTO PRENOTAZIONE VALUES('HMLKVUCOGMPVYRCM', 'kristine15@example.net', 4, 0);
INSERT INTO PRENOTAZIONE VALUES('HEIEYNLJSSBOTHIH', 'Alfredo.Troisi@email.com', 2, 12);
INSERT INTO PRENOTAZIONE VALUES('XAQRRNEKXJYBEWOC', 'Antonella.Babato@fastmail.org', 1, 13);
INSERT INTO PRENOTAZIONE VALUES('VHUTQTHBHGDNPWTY', 'Aporti87@Aporti@fastmail.org', 1, 8);
INSERT INTO PRENOTAZIONE VALUES('AMALOTPADYTNMBAY', 'Eleanora.Treves@fastmail.org', 1, 6);
INSERT INTO PRENOTAZIONE VALUES('JOZVXAHMIMUJSOIC', 'Briccialdi67@Briccialdi@email.com', 1, 8);
INSERT INTO PRENOTAZIONE VALUES('RKJELBXGQIFQRWOS', 'Gianfrancesco.Bonino@lambda.mail.it', 2, 8);
INSERT INTO PRENOTAZIONE VALUES('MTMNMEWTXFGHMRNI', 'karenroberts@example.org', 1, 10);
INSERT INTO PRENOTAZIONE VALUES('UXKJSMPCVPOKRQBJ', 'Annibale.Grimani@fastmail.org', 1, 6);
INSERT INTO PRENOTAZIONE VALUES('EAJVQJWTUSFDZNFD', 'Modugno93@Modugno@lambda.mail.it', 1, 13);
INSERT INTO PRENOTAZIONE VALUES('TXEEYGAAIAXQZUMC', 'Rosina.Pavanello@lambda.mail.it', 1, 6);
INSERT INTO PRENOTAZIONE VALUES('QTKODWFXTOIJXHTN', 'Bosurgi82@Bosurgi@lambda.mail.it', 2, 4);
INSERT INTO PRENOTAZIONE VALUES('KHRVXKESIJNMELGJ', 'Bosurgi82@Bosurgi@lambda.mail.it', 4, 12);
INSERT INTO PRENOTAZIONE VALUES('AHKEAGZCQLJQTMHM', 'Alfredo.Troisi@email.com', 2, 8);
INSERT INTO PRENOTAZIONE VALUES('SOCYLCDTXVESLVXV', 'Gianfrancesco.Bonino@lambda.mail.it', 1, 0);
INSERT INTO PRENOTAZIONE VALUES('MNYTCRULCOLDIPXN', 'Rosina.Pavanello@lambda.mail.it', 3, 12);
INSERT INTO PRENOTAZIONE VALUES('UEBGJMIKMFVUCBLE', 'Giorgio.Fornaciari@lambda.mail.it', 2, 8);
INSERT INTO PRENOTAZIONE VALUES('CBGFSVIYGPSYOKBK', 'Massimiliano.Treves@email.com', 1, 7);
INSERT INTO PRENOTAZIONE VALUES('QHXEOHUMWUPIFQTG', 'Rosina.Pavanello@lambda.mail.it', 1, 13);
INSERT INTO PRENOTAZIONE VALUES('VMAOAGMHAQLSQJZB', 'Sophia.Molesini@email.com', 1, 8);
INSERT INTO PRENOTAZIONE VALUES('UHEGIJFSETWMGIWS', 'Ruggero.Moresi@fastmail.org', 1, 0);
INSERT INTO PRENOTAZIONE VALUES('NDJHFZBBKPEQMNDT', 'Gianfrancesco.Bonino@lambda.mail.it', 1, 7);
INSERT INTO INFORMAZIONI_TRASPORTO VALUES ('BDYHKEWLHHIBHZUG', '4.2');
INSERT INTO INFORMAZIONI_TRASPORTO VALUES ('PVRONIGYBHTMCMVT', '7.6');
INSERT INTO INFORMAZIONI_TRASPORTO VALUES ('YZQJIAEKWAKHKHZF', '2.2');
INSERT INTO INFORMAZIONI_TRASPORTO VALUES ('TPAUQYFXENZOVDRE', '2.6');
INSERT INTO INFORMAZIONI_TRASPORTO VALUES ('TAFKKVBGUUDVWEER', '7.0');
INSERT INTO INFORMAZIONI_TRASPORTO VALUES ('GNACUNLSPFVXYYDV', '13.2');
INSERT INTO INFORMAZIONI_TRASPORTO VALUES ('QPSEICIEKBVKFLFY', '5.8');
INSERT INTO INFORMAZIONI_TRASPORTO VALUES ('JMZZOASXWEPVMYSH', '2.6');
INSERT INTO INFORMAZIONI_TRASPORTO VALUES ('IOOFRGSTLKGSOYNL', '3.5');
INSERT INTO INFORMAZIONI_TRASPORTO VALUES ('GIWMWRLJYYYWZRLU', '5.8');
INSERT INTO INFORMAZIONI_TRASPORTO VALUES ('AAYUXQWCOVNLJJKB', '9.0');
INSERT INTO INFORMAZIONI_TRASPORTO VALUES ('GQFVEYSBGVBWLVYA', '4.4');
INSERT INTO INFORMAZIONI_TRASPORTO VALUES ('GOEKRJHEEXLOKGIT', '6.0');
INSERT INTO INFORMAZIONI_TRASPORTO VALUES ('VADKYAXJCGNEAQSX', '2.1');
INSERT INTO INFORMAZIONI_TRASPORTO VALUES ('BLAVNXWNYLOHFWYB', '7.0');
INSERT INTO INFORMAZIONI_TRASPORTO VALUES ('XIBTPNYJVJUOPXUJ', '3.8');
INSERT INTO INFORMAZIONI_TRASPORTO VALUES ('JWLEWGGUDLWMVRCK', '2.0');
INSERT INTO INFORMAZIONI_TRASPORTO VALUES ('XJLJSNWHZURJICSW', '3.1');
INSERT INTO INFORMAZIONI_TRASPORTO VALUES ('DLFIWXKKTCVEVDPC', '2.0');
INSERT INTO INFORMAZIONI_TRASPORTO VALUES ('BVQCDFLNKGSEBQFT', '2.5');
INSERT INTO INFORMAZIONI_TRASPORTO VALUES ('YFXTZTMWLEWCQEZX', '2.5');
INSERT INTO INFORMAZIONI_TRASPORTO VALUES ('UTGFWGHBKMGNGPGH', '5.8');
INSERT INTO INFORMAZIONI_TRASPORTO VALUES ('RCIZBSRRZFVPDDBS', '2.8');
INSERT INTO INFORMAZIONI_TRASPORTO VALUES ('BOSDKZKYUFMSNYSZ', '2.1');
INSERT INTO INFORMAZIONI_TRASPORTO VALUES ('ZOIOEQQKXBFPFLYA', '4.4');
INSERT INTO INFORMAZIONI_TRASPORTO VALUES ('ARGEYQPGJOBARDYQ', '2.8');
INSERT INTO INFORMAZIONI_TRASPORTO VALUES ('OMUANCUOLXVBUKWI', '2.6');
INSERT INTO INFORMAZIONI_TRASPORTO VALUES ('TMQQVXANBGMOVYWD', '8.8');
INSERT INTO INFORMAZIONI_TRASPORTO VALUES ('MLPHCNBMQVTXMDTE', '2.2');
INSERT INTO INFORMAZIONI_TRASPORTO VALUES ('PSKBXVKVTUUBFSBU', '4.0');
INSERT INTO INFORMAZIONI_TRASPORTO VALUES ('MXOVRULUIMKCSADX', '4.0');
INSERT INTO INFORMAZIONI_TRASPORTO VALUES ('FTPFSSRPHNBPWSFR', '3.3');
INSERT INTO INFORMAZIONI_TRASPORTO VALUES ('QWKRSFUUUPQDMWNI', '2.5');
INSERT INTO INFORMAZIONI_TRASPORTO VALUES ('VNPVBPKNJAFSYXQL', '3.0');
INSERT INTO INFORMAZIONI_TRASPORTO VALUES ('FNJIBVITYMQMSEWF', '9.2');
INSERT INTO INFORMAZIONI_TRASPORTO VALUES ('EOMTTQPZHEVGVLAW', '7.0');
INSERT INTO INFORMAZIONI_TRASPORTO VALUES ('AVRVWGLRHYIOYFRU', '6.2');
INSERT INTO INFORMAZIONI_TRASPORTO VALUES ('UADVXIFVGIWOEFJY', '6.4');
INSERT INTO INFORMAZIONI_TRASPORTO VALUES ('JWOFSQPAFYXUVOZB', '2.9');
INSERT INTO INFORMAZIONI_TRASPORTO VALUES ('HMLKVUCOGMPVYRCM', '16.0');
INSERT INTO INFORMAZIONI_TRASPORTO VALUES ('HEIEYNLJSSBOTHIH', '5.6');
INSERT INTO INFORMAZIONI_TRASPORTO VALUES ('XAQRRNEKXJYBEWOC', '2.1');
INSERT INTO INFORMAZIONI_TRASPORTO VALUES ('VHUTQTHBHGDNPWTY', '2.9');
INSERT INTO INFORMAZIONI_TRASPORTO VALUES ('AMALOTPADYTNMBAY', '2.2');
INSERT INTO INFORMAZIONI_TRASPORTO VALUES ('JOZVXAHMIMUJSOIC', '2.1');
INSERT INTO INFORMAZIONI_TRASPORTO VALUES ('RKJELBXGQIFQRWOS', '5.6');
INSERT INTO INFORMAZIONI_TRASPORTO VALUES ('MTMNMEWTXFGHMRNI', '2.7');
INSERT INTO INFORMAZIONI_TRASPORTO VALUES ('UXKJSMPCVPOKRQBJ', '2.4');
INSERT INTO INFORMAZIONI_TRASPORTO VALUES ('EAJVQJWTUSFDZNFD', '3.0');
INSERT INTO INFORMAZIONI_TRASPORTO VALUES ('TXEEYGAAIAXQZUMC', '2.1');
INSERT INTO INFORMAZIONI_TRASPORTO VALUES ('QTKODWFXTOIJXHTN', '6.6');
INSERT INTO INFORMAZIONI_TRASPORTO VALUES ('KHRVXKESIJNMELGJ', '12.4');
INSERT INTO INFORMAZIONI_TRASPORTO VALUES ('AHKEAGZCQLJQTMHM', '5.0');
INSERT INTO INFORMAZIONI_TRASPORTO VALUES ('SOCYLCDTXVESLVXV', '3.3');
INSERT INTO INFORMAZIONI_TRASPORTO VALUES ('MNYTCRULCOLDIPXN', '8.7');
INSERT INTO INFORMAZIONI_TRASPORTO VALUES ('UEBGJMIKMFVUCBLE', '6.0');
INSERT INTO INFORMAZIONI_TRASPORTO VALUES ('CBGFSVIYGPSYOKBK', '2.6');
INSERT INTO INFORMAZIONI_TRASPORTO VALUES ('QHXEOHUMWUPIFQTG', '2.1');
INSERT INTO INFORMAZIONI_TRASPORTO VALUES ('VMAOAGMHAQLSQJZB', '3.8');
INSERT INTO INFORMAZIONI_TRASPORTO VALUES ('UHEGIJFSETWMGIWS', '3.0');
INSERT INTO INFORMAZIONI_TRASPORTO VALUES ('NDJHFZBBKPEQMNDT', '2.0');
INSERT INTO andata VALUES ('BDYHKEWLHHIBHZUG', 0);
INSERT INTO ritorno VALUES ('BDYHKEWLHHIBHZUG', 1);
INSERT INTO andata VALUES ('PVRONIGYBHTMCMVT', 2);
INSERT INTO ritorno VALUES ('PVRONIGYBHTMCMVT', 3);
INSERT INTO andata VALUES ('YZQJIAEKWAKHKHZF', 4);
INSERT INTO ritorno VALUES ('YZQJIAEKWAKHKHZF', 5);
INSERT INTO andata VALUES ('TPAUQYFXENZOVDRE', 6);
INSERT INTO ritorno VALUES ('TPAUQYFXENZOVDRE', 7);
INSERT INTO andata VALUES ('TAFKKVBGUUDVWEER', 8);
INSERT INTO ritorno VALUES ('TAFKKVBGUUDVWEER', 9);
INSERT INTO andata VALUES ('GNACUNLSPFVXYYDV', 10);
INSERT INTO ritorno VALUES ('GNACUNLSPFVXYYDV', 11);
INSERT INTO andata VALUES ('QPSEICIEKBVKFLFY', 12);
INSERT INTO ritorno VALUES ('QPSEICIEKBVKFLFY', 13);
INSERT INTO andata VALUES ('JMZZOASXWEPVMYSH', 14);
INSERT INTO ritorno VALUES ('JMZZOASXWEPVMYSH', 15);
INSERT INTO andata VALUES ('IOOFRGSTLKGSOYNL', 16);
INSERT INTO ritorno VALUES ('IOOFRGSTLKGSOYNL', 17);
INSERT INTO andata VALUES ('GIWMWRLJYYYWZRLU', 18);
INSERT INTO ritorno VALUES ('GIWMWRLJYYYWZRLU', 19);
INSERT INTO andata VALUES ('AAYUXQWCOVNLJJKB', 20);
INSERT INTO ritorno VALUES ('AAYUXQWCOVNLJJKB', 21);
INSERT INTO andata VALUES ('GQFVEYSBGVBWLVYA', 22);
INSERT INTO ritorno VALUES ('GQFVEYSBGVBWLVYA', 23);
INSERT INTO andata VALUES ('GOEKRJHEEXLOKGIT', 24);
INSERT INTO ritorno VALUES ('GOEKRJHEEXLOKGIT', 25);
INSERT INTO andata VALUES ('VADKYAXJCGNEAQSX', 26);
INSERT INTO ritorno VALUES ('VADKYAXJCGNEAQSX', 27);
INSERT INTO andata VALUES ('BLAVNXWNYLOHFWYB', 28);
INSERT INTO ritorno VALUES ('BLAVNXWNYLOHFWYB', 29);
INSERT INTO andata VALUES ('XIBTPNYJVJUOPXUJ', 30);
INSERT INTO ritorno VALUES ('XIBTPNYJVJUOPXUJ', 31);
INSERT INTO andata VALUES ('JWLEWGGUDLWMVRCK', 32);
INSERT INTO ritorno VALUES ('JWLEWGGUDLWMVRCK', 33);
INSERT INTO andata VALUES ('XJLJSNWHZURJICSW', 34);
INSERT INTO ritorno VALUES ('XJLJSNWHZURJICSW', 35);
INSERT INTO andata VALUES ('DLFIWXKKTCVEVDPC', 36);
INSERT INTO ritorno VALUES ('DLFIWXKKTCVEVDPC', 37);
INSERT INTO andata VALUES ('BVQCDFLNKGSEBQFT', 38);
INSERT INTO ritorno VALUES ('BVQCDFLNKGSEBQFT', 39);
INSERT INTO andata VALUES ('YFXTZTMWLEWCQEZX', 40);
INSERT INTO ritorno VALUES ('YFXTZTMWLEWCQEZX', 41);
INSERT INTO andata VALUES ('UTGFWGHBKMGNGPGH', 42);
INSERT INTO ritorno VALUES ('UTGFWGHBKMGNGPGH', 43);
INSERT INTO andata VALUES ('RCIZBSRRZFVPDDBS', 44);
INSERT INTO ritorno VALUES ('RCIZBSRRZFVPDDBS', 45);
INSERT INTO andata VALUES ('BOSDKZKYUFMSNYSZ', 46);
INSERT INTO ritorno VALUES ('BOSDKZKYUFMSNYSZ', 47);
INSERT INTO andata VALUES ('ZOIOEQQKXBFPFLYA', 48);
INSERT INTO ritorno VALUES ('ZOIOEQQKXBFPFLYA', 49);
INSERT INTO andata VALUES ('ARGEYQPGJOBARDYQ', 50);
INSERT INTO ritorno VALUES ('ARGEYQPGJOBARDYQ', 51);
INSERT INTO andata VALUES ('OMUANCUOLXVBUKWI', 52);
INSERT INTO ritorno VALUES ('OMUANCUOLXVBUKWI', 53);
INSERT INTO andata VALUES ('TMQQVXANBGMOVYWD', 54);
INSERT INTO ritorno VALUES ('TMQQVXANBGMOVYWD', 55);
INSERT INTO andata VALUES ('MLPHCNBMQVTXMDTE', 56);
INSERT INTO ritorno VALUES ('MLPHCNBMQVTXMDTE', 57);
INSERT INTO andata VALUES ('PSKBXVKVTUUBFSBU', 58);
INSERT INTO ritorno VALUES ('PSKBXVKVTUUBFSBU', 59);
INSERT INTO andata VALUES ('MXOVRULUIMKCSADX', 60);
INSERT INTO ritorno VALUES ('MXOVRULUIMKCSADX', 61);
INSERT INTO andata VALUES ('FTPFSSRPHNBPWSFR', 62);
INSERT INTO ritorno VALUES ('FTPFSSRPHNBPWSFR', 63);
INSERT INTO andata VALUES ('QWKRSFUUUPQDMWNI', 64);
INSERT INTO ritorno VALUES ('QWKRSFUUUPQDMWNI', 65);
INSERT INTO andata VALUES ('VNPVBPKNJAFSYXQL', 66);
INSERT INTO ritorno VALUES ('VNPVBPKNJAFSYXQL', 67);
INSERT INTO andata VALUES ('FNJIBVITYMQMSEWF', 68);
INSERT INTO ritorno VALUES ('FNJIBVITYMQMSEWF', 69);
INSERT INTO andata VALUES ('EOMTTQPZHEVGVLAW', 70);
INSERT INTO ritorno VALUES ('EOMTTQPZHEVGVLAW', 71);
INSERT INTO andata VALUES ('AVRVWGLRHYIOYFRU', 72);
INSERT INTO ritorno VALUES ('AVRVWGLRHYIOYFRU', 73);
INSERT INTO andata VALUES ('UADVXIFVGIWOEFJY', 74);
INSERT INTO ritorno VALUES ('UADVXIFVGIWOEFJY', 75);
INSERT INTO andata VALUES ('JWOFSQPAFYXUVOZB', 76);
INSERT INTO ritorno VALUES ('JWOFSQPAFYXUVOZB', 77);
INSERT INTO andata VALUES ('HMLKVUCOGMPVYRCM', 78);
INSERT INTO ritorno VALUES ('HMLKVUCOGMPVYRCM', 79);
INSERT INTO andata VALUES ('HEIEYNLJSSBOTHIH', 80);
INSERT INTO ritorno VALUES ('HEIEYNLJSSBOTHIH', 81);
INSERT INTO andata VALUES ('XAQRRNEKXJYBEWOC', 82);
INSERT INTO ritorno VALUES ('XAQRRNEKXJYBEWOC', 83);
INSERT INTO andata VALUES ('VHUTQTHBHGDNPWTY', 84);
INSERT INTO ritorno VALUES ('VHUTQTHBHGDNPWTY', 85);
INSERT INTO andata VALUES ('AMALOTPADYTNMBAY', 86);
INSERT INTO ritorno VALUES ('AMALOTPADYTNMBAY', 87);
INSERT INTO andata VALUES ('JOZVXAHMIMUJSOIC', 88);
INSERT INTO ritorno VALUES ('JOZVXAHMIMUJSOIC', 89);
INSERT INTO andata VALUES ('RKJELBXGQIFQRWOS', 90);
INSERT INTO ritorno VALUES ('RKJELBXGQIFQRWOS', 91);
INSERT INTO andata VALUES ('MTMNMEWTXFGHMRNI', 92);
INSERT INTO ritorno VALUES ('MTMNMEWTXFGHMRNI', 93);
INSERT INTO andata VALUES ('UXKJSMPCVPOKRQBJ', 94);
INSERT INTO ritorno VALUES ('UXKJSMPCVPOKRQBJ', 95);
INSERT INTO andata VALUES ('EAJVQJWTUSFDZNFD', 96);
INSERT INTO ritorno VALUES ('EAJVQJWTUSFDZNFD', 97);
INSERT INTO andata VALUES ('TXEEYGAAIAXQZUMC', 98);
INSERT INTO ritorno VALUES ('TXEEYGAAIAXQZUMC', 99);
INSERT INTO andata VALUES ('QTKODWFXTOIJXHTN', 100);
INSERT INTO ritorno VALUES ('QTKODWFXTOIJXHTN', 101);
INSERT INTO andata VALUES ('KHRVXKESIJNMELGJ', 102);
INSERT INTO ritorno VALUES ('KHRVXKESIJNMELGJ', 103);
INSERT INTO andata VALUES ('AHKEAGZCQLJQTMHM', 104);
INSERT INTO ritorno VALUES ('AHKEAGZCQLJQTMHM', 105);
INSERT INTO andata VALUES ('SOCYLCDTXVESLVXV', 106);
INSERT INTO ritorno VALUES ('SOCYLCDTXVESLVXV', 107);
INSERT INTO andata VALUES ('MNYTCRULCOLDIPXN', 108);
INSERT INTO ritorno VALUES ('MNYTCRULCOLDIPXN', 109);
INSERT INTO andata VALUES ('UEBGJMIKMFVUCBLE', 110);
INSERT INTO ritorno VALUES ('UEBGJMIKMFVUCBLE', 111);
INSERT INTO andata VALUES ('CBGFSVIYGPSYOKBK', 112);
INSERT INTO ritorno VALUES ('CBGFSVIYGPSYOKBK', 113);
INSERT INTO andata VALUES ('QHXEOHUMWUPIFQTG', 114);
INSERT INTO ritorno VALUES ('QHXEOHUMWUPIFQTG', 115);
INSERT INTO andata VALUES ('VMAOAGMHAQLSQJZB', 116);
INSERT INTO ritorno VALUES ('VMAOAGMHAQLSQJZB', 117);
INSERT INTO andata VALUES ('UHEGIJFSETWMGIWS', 118);
INSERT INTO ritorno VALUES ('UHEGIJFSETWMGIWS', 119);
INSERT INTO andata VALUES ('NDJHFZBBKPEQMNDT', 120);
INSERT INTO ritorno VALUES ('NDJHFZBBKPEQMNDT', 121);
INSERT INTO RECENSIONE VALUES (0, 4, NULL, 'Alfredo.Troisi@email.com', '2022-03-14', 15, 'Hotel Aurora');
INSERT INTO RECENSIONE VALUES (1, 3, NULL, 'Paride.Peano@fastmail.org', '2022-11-27', 5, 'Casa Vista Mare');
INSERT INTO RECENSIONE VALUES (2, 5, 'Mi sono divertito molto, un''esperienza indimenticabile.', 'Briccialdi67@Briccialdi@email.com', '2021-06-22', 2, 'Appartamento Serenità');
INSERT INTO RECENSIONE VALUES (3, 5, 'Mi sono divertito molto, un''esperienza indimenticabile.', 'Armando.Castelli@fastmail.org', '2024-05-24', 2, 'Appartamento Serenità');
INSERT INTO RECENSIONE VALUES (4, 2, NULL, 'Tebaldi72@Tebaldi@fastmail.org', '2023-03-13', 5, 'Casa Vista Mare');
INSERT INTO RECENSIONE VALUES (5, 5, NULL, 'Virginia.Piacentini@email.com', '2022-03-24', 15, 'Hotel Aurora');
INSERT INTO RECENSIONE VALUES (6, 5, 'Una vacanza indimenticabile, tutto perfetto!', 'Aporti87@Aporti@fastmail.org', '2021-07-03', 2, 'Appartamento Serenità');
INSERT INTO RECENSIONE VALUES (7, 4, NULL, 'Paride.Peano@fastmail.org', '2022-01-11', 29, 'Suite Etoile');
INSERT INTO RECENSIONE VALUES (8, 3, NULL, 'Bosurgi82@Bosurgi@lambda.mail.it', '2022-12-14', 5, 'Casa Vista Mare');
INSERT INTO RECENSIONE VALUES (9, 2, 'Un soggiorno deludente, non era come me lo aspettavo.', 'Modugno93@Modugno@lambda.mail.it', '2022-08-16', 25, 'Appartamento La Brezza');
INSERT INTO RECENSIONE VALUES (10, 4, 'Un luogo davvero affascinante, ideale per rilassarsi.', 'Alfredo.Troisi@email.com', '2021-07-02', 2, 'Appartamento Serenità');
INSERT INTO RECENSIONE VALUES (11, 4, 'Un posto tranquillo e rilassante, perfetto per staccare la spina.', 'Bosurgi82@Bosurgi@lambda.mail.it', '2021-06-28', 2, 'Appartamento Serenità');
INSERT INTO RECENSIONE VALUES (12, 5, 'Vacanza da sogno in un luogo paradisiaco.', 'Antonino.Cherubini@lambda.mail.it', '2022-11-21', 29, 'Suite Etoile');
INSERT INTO RECENSIONE VALUES (13, 3, 'Non ero entusiasta, ma alla fine è stata una buona esperienza.', 'Aporti87@Aporti@fastmail.org', '2020-10-26', 17, 'Casa dei Gabbiani');
INSERT INTO RECENSIONE VALUES (14, 2, NULL, 'karenroberts@example.org', '2022-12-22', 5, 'Casa Vista Mare');
INSERT INTO RECENSIONE VALUES (15, 3, 'Non è stato terribile ma c''erano alcuni problemi.', 'Giulio.Simeoni@fastmail.org', '2022-08-23', 25, 'Appartamento La Brezza');
INSERT INTO RECENSIONE VALUES (16, 5, NULL, 'Annibale.Grimani@fastmail.org', '2022-11-14', 29, 'Suite Etoile');
INSERT INTO RECENSIONE VALUES (17, 5, 'Servizio eccellente, vacanza perfetta.', 'Giulio.Simeoni@fastmail.org', '2021-06-29', 2, 'Appartamento Serenità');
INSERT INTO RECENSIONE VALUES (18, 4, NULL, 'Giulio.Simeoni@fastmail.org', '2022-03-12', 15, 'Hotel Aurora');
INSERT INTO RECENSIONE VALUES (19, 0, 'Non ci tornerei mai, un''esperienza terribile.', 'kristine15@example.net', '2022-07-03', 27, 'Appartamento La Brezza');
INSERT INTO RECENSIONE VALUES (20, 4, 'Luogo tranquillo e suggestivo, ideale per staccare la spina.', 'Antonella.Babato@fastmail.org', '2020-11-06', 20, 'Appartamento Dolce Luna');
INSERT INTO RECENSIONE VALUES (21, 2, NULL, 'Eleanora.Treves@fastmail.org', '2023-05-15', 17, 'Casa dei Gabbiani');
INSERT INTO RECENSIONE VALUES (22, 3, 'Strutture vecchie ma personale cordiale.', 'Gianfrancesco.Bonino@lambda.mail.it', '2023-03-06', 5, 'Casa Vista Mare');
INSERT INTO RECENSIONE VALUES (23, 4, 'Vacanza tranquilla in un ambiente bellissimo.', 'karenroberts@example.org', '2022-12-08', 29, 'Suite Etoile');
INSERT INTO RECENSIONE VALUES (24, 2, NULL, 'Annibale.Grimani@fastmail.org', '2023-05-30', 17, 'Casa dei Gabbiani');
INSERT INTO RECENSIONE VALUES (25, 4, 'Vacanza tranquilla in un ambiente bellissimo.', 'Modugno93@Modugno@lambda.mail.it', '2020-11-19', 20, 'Appartamento Dolce Luna');
INSERT INTO RECENSIONE VALUES (26, 3, NULL, 'Rosina.Pavanello@lambda.mail.it', '2023-06-03', 17, 'Casa dei Gabbiani');
INSERT INTO RECENSIONE VALUES (27, 3, 'Non era male, ma c''era sicuramente margine per migliorare.', 'Bosurgi82@Bosurgi@lambda.mail.it', '2022-09-14', 25, 'Appartamento La Brezza');
INSERT INTO RECENSIONE VALUES (28, 1, 'Strutture vecchie e sporche, non tornerò mai più.', 'Gianfrancesco.Bonino@lambda.mail.it', '2022-06-09', 27, 'Appartamento La Brezza');
INSERT INTO RECENSIONE VALUES (29, 3, 'Strutture vecchie ma personale cordiale.', 'Rosina.Pavanello@lambda.mail.it', '2022-08-25', 25, 'Appartamento La Brezza');
INSERT INTO RECENSIONE VALUES (30, 3, 'Non è stato terribile ma c''erano alcuni problemi.', 'Giorgio.Fornaciari@lambda.mail.it', '2023-04-01', 5, 'Casa Vista Mare');
INSERT INTO RECENSIONE VALUES (31, 3, 'Il personale era gentile, ma le stanze avevano bisogno di manutenzione.', 'Massimiliano.Treves@email.com', '2020-01-04', 5, 'Casa Vista Mare');
INSERT INTO RECENSIONE VALUES (32, 1, NULL, 'Ruggero.Moresi@fastmail.org', '2022-06-29', 27, 'Appartamento La Brezza');
INSERT INTO RECENSIONE VALUES (33, 2, 'Non vale il prezzo che abbiamo pagato, esperienza deludente.', 'Gianfrancesco.Bonino@lambda.mail.it', '2020-01-09', 5, 'Casa Vista Mare');
