INSERT INTO Dati_Cliente VALUES ('Alphons88_Trentini@fastmail.org', 'Alphons', 'Trentini', '1992-06-09', 'M', '+39 077706777');
INSERT INTO Cliente VALUES ('Alphons88_Trentini@fastmail.org', '3Q1!3LBc', '2018-09-14 01:34:35');
INSERT INTO Dati_Cliente VALUES ('Paoletta.Travaglio@lambda.mail.it', 'Paoletta', 'Travaglio', '1980-07-09', 'F', '+39 764303921');
INSERT INTO Cliente VALUES ('Paoletta.Travaglio@lambda.mail.it', '%7JFz7jzP', '2019-06-16 23:05:14');
INSERT INTO Dati_Cliente VALUES ('Micheletto.Mazzacurati@fastmail.org', 'Micheletto', 'Mazzacurati', '1994-10-26', 'M', '+39 153230282');
INSERT INTO Cliente VALUES ('Micheletto.Mazzacurati@fastmail.org', '#5X7RgzM$', '2019-03-10 15:44:32');
INSERT INTO Dati_Cliente VALUES ('Fabia.Bonino@lambda.mail.it', 'Fabia', 'Bonino', '1977-08-24', 'F', '+39 207698456');
INSERT INTO Cliente VALUES ('Fabia.Bonino@lambda.mail.it', '_PL*znEgot4b', '2019-03-21 20:49:27');
INSERT INTO Dati_Cliente VALUES ('Enzo79_Campano@lambda.mail.it', 'Enzo', 'Campano', '1984-06-27', 'M', '+39 082492694');
INSERT INTO Cliente VALUES ('Enzo79_Campano@lambda.mail.it', ')cqEtsOOb7', '2019-05-29 18:03:09');
INSERT INTO Dati_Cliente VALUES ('Fausto.Abba@email.com', 'Fausto', 'Abba', '1974-02-14', 'M', '+39 448885536');
INSERT INTO Cliente VALUES ('Fausto.Abba@email.com', ')uw9wmjh#SJwBoa+', '2018-12-26 18:57:18');
INSERT INTO Dati_Cliente VALUES ('Achille.Salandra@email.com', 'Achille', 'Salandra', '1976-01-21', 'M', '+39 485183216');
INSERT INTO Cliente VALUES ('Achille.Salandra@email.com', 'AiYS+egci)i8y(r$6QV7*A', '2018-09-30 03:19:31');
INSERT INTO Dati_Cliente VALUES ('Lara66_Polesel@email.com', 'Lara', 'Polesel', '1992-08-20', 'F', '+39 735919155');
INSERT INTO Cliente VALUES ('Lara66_Polesel@email.com', 'Qww0vUwe37*0Ua_', '2019-04-21 10:06:18');
INSERT INTO Dati_Cliente VALUES ('Giulio.Simeoni@fastmail.org', 'Giulio', 'Simeoni', '1995-06-23', 'M', '+39 159179533');
INSERT INTO Cliente VALUES ('Giulio.Simeoni@fastmail.org', ')+#@1nVy', '2019-03-07 11:42:32');
INSERT INTO Dati_Cliente VALUES ('Erika81.Asmundo@lambda.mail.it', 'Erika', 'Asmundo', '1981-02-22', NULL, '+39 778514296');
INSERT INTO Cliente VALUES ('Erika81.Asmundo@lambda.mail.it', '#^ijjUd3gmi6VYEf', '2018-12-25 01:21:56');
INSERT INTO Dati_Cliente VALUES ('Rosina.Pavanello@lambda.mail.it', 'Rosina', 'Pavanello', '1977-01-31', NULL, '+39 659387784');
INSERT INTO Cliente VALUES ('Rosina.Pavanello@lambda.mail.it', 'N&0xIq4_', '2019-02-27 05:52:15');
INSERT INTO Dati_Cliente VALUES ('Annibale.Boezio@fastmail.org', 'Annibale', 'Boezio', '1994-01-10', 'M', '+39 769930024');
INSERT INTO Cliente VALUES ('Annibale.Boezio@fastmail.org', '$2CB+ajP', '2018-12-18 20:15:52');
INSERT INTO Dati_Cliente VALUES ('Bettina.Cortese@email.com', 'Bettina', 'Cortese', '1994-06-01', 'F', '+39 478978443');
INSERT INTO Cliente VALUES ('Bettina.Cortese@email.com', '^3hn#Ot)&', '2019-08-12 06:50:10');
INSERT INTO Dati_Cliente VALUES ('Evangelista100.Giacometti@fastmail.org', 'Evangelista', 'Giacometti', '1998-03-30', 'F', '+39 151150552');
INSERT INTO Cliente VALUES ('Evangelista100.Giacometti@fastmail.org', '@A(JTuWq*j8#L', '2019-08-20 11:16:14');
INSERT INTO Dati_Cliente VALUES ('daniel92@example.net', 'Antonino', 'Cherubini', '1979-12-19', 'M', '+39 623758257');
INSERT INTO Cliente VALUES ('daniel92@example.net', 'd))0uMAE6YZRF!xcKF', '2019-02-17 15:41:33');
INSERT INTO Dati_Cliente VALUES ('Donna.Pozzecco@lambda.mail.it', 'Donna', 'Pozzecco', '1996-08-12', 'F', '+39 357492208');
INSERT INTO Cliente VALUES ('Donna.Pozzecco@lambda.mail.it', 'z$R3Jx8x', '2019-03-17 09:53:56');
INSERT INTO Dati_Cliente VALUES ('Alessandro.Leblanc@fastmail.org', 'Alessandro', 'Leblanc', '2001-07-24', 'M', '+39 909255445');
INSERT INTO Cliente VALUES ('Alessandro.Leblanc@fastmail.org', 'ceuzIvQGn6+0lv5b', '2019-07-22 14:25:43');
INSERT INTO Dati_Cliente VALUES ('Valerio.Foà@fastmail.org', 'Valerio', 'Foà', '1980-12-30', 'M', '+39 576081160');
INSERT INTO Cliente VALUES ('Valerio.Foà@fastmail.org', 'Sgs81U_)((MTAYNuOPOw', '2018-09-17 13:45:18');
INSERT INTO Dati_Cliente VALUES ('Marina82_Bosurgi@email.com', 'Marina', 'Bosurgi', '1997-07-16', 'F', '+39 027142787');
INSERT INTO Cliente VALUES ('Marina82_Bosurgi@email.com', ')iNXbVsi)Ahn^0R+', '2018-09-09 09:39:16');
INSERT INTO Dati_Cliente VALUES ('Roberta.Cociarelli@email.com', 'Roberta', 'Cociarelli', '1993-06-03', 'F', '+39 262235833');
INSERT INTO Cliente VALUES ('Roberta.Cociarelli@email.com', 'bvG!FvWp1(0w)xEN9$', '2018-10-06 10:49:05');
INSERT INTO Dati_Cliente VALUES ('Annunziata.Fornaciari@email.com', 'Annunziata', 'Fornaciari', '1974-06-30', 'F', '+39 003510562');
INSERT INTO Cliente VALUES ('Annunziata.Fornaciari@email.com', '!D5faXbx', '2019-04-28 04:37:35');
INSERT INTO Dati_Cliente VALUES ('Adamo67.Jovinelli@fastmail.org', 'Adamo', 'Jovinelli', '1986-11-15', 'M', '+39 312502394');
INSERT INTO Cliente VALUES ('Adamo67.Jovinelli@fastmail.org', '_U2KfGXhc_v_B34DyJ_', '2019-05-30 14:50:14');
INSERT INTO Dati_Cliente VALUES ('Teresa.Guidotti@fastmail.org', 'Teresa', 'Guidotti', '1973-12-17', 'F', '+39 245551590');
INSERT INTO Cliente VALUES ('Teresa.Guidotti@fastmail.org', 't$5LaesZ(', '2019-04-13 17:26:01');
INSERT INTO Dati_Cliente VALUES ('Virginia.Piacentini@email.com', 'Virginia', 'Piacentini', '1992-04-11', 'F', '+39 719659342');
INSERT INTO Cliente VALUES ('Virginia.Piacentini@email.com', 'nCgT%tpl_+0zqzOA', '2019-07-04 06:14:33');
INSERT INTO Dati_Cliente VALUES ('Simone.Modugno@fastmail.org', 'Simone', 'Modugno', '1974-05-27', 'M', '+39 714285124');
INSERT INTO Cliente VALUES ('Simone.Modugno@fastmail.org', 'myI%xBn)@wI!7hyzX2X2Ac', '2019-04-28 20:26:06');
INSERT INTO Dati_Cliente VALUES ('Antonella72_Taccola@email.com', 'Antonella', 'Taccola', '1986-10-25', 'F', '+39 017200992');
INSERT INTO Cliente VALUES ('Antonella72_Taccola@email.com', '%G0v5YnvN_rW4d', '2019-04-22 10:13:53');
INSERT INTO Dati_Cliente VALUES ('Fulvio85.Passalacqua@fastmail.org', 'Fulvio', 'Passalacqua', '1986-12-30', 'M', '+39 537510074');
INSERT INTO Cliente VALUES ('Fulvio85.Passalacqua@fastmail.org', 'd1vBxe9o*G9ht', '2018-09-11 13:14:10');
INSERT INTO Dati_Cliente VALUES ('Berenice.Luxardo@email.com', 'Berenice', 'Luxardo', '1998-08-29', NULL, '+39 296111330');
INSERT INTO Cliente VALUES ('Berenice.Luxardo@email.com', '9^561Q^HCI*tNRye', '2018-12-23 12:08:46');
INSERT INTO Dati_Cliente VALUES ('Rosina73_Saragat@lambda.mail.it', 'Rosina', 'Saragat', '1992-05-21', 'F', '+39 089840761');
INSERT INTO Cliente VALUES ('Rosina73_Saragat@lambda.mail.it', '+DgFTrtE2LP0hCl', '2019-08-12 22:31:46');
INSERT INTO Dati_Cliente VALUES ('Licia78.Donatoni@email.com', 'Licia', 'Donatoni', '1974-11-24', 'F', '+39 321730086');
INSERT INTO Cliente VALUES ('Licia78.Donatoni@email.com', 'jB4mY6d^)^', '2019-07-17 08:13:14');
INSERT INTO Compagnia VALUES ('team@RiverRideCruises.com', '&i6CAOi3HKZIdmVEUT8mHu_&', '2020-03-07 05:08:28', 'RiverRide Cruises', 'SLVR');
INSERT INTO Compagnia VALUES ('team@SkySprintAirlines.com', 'Bow@HbzZI__8P0stef_gQmdd', '2020-05-20 23:33:56', 'SkySprint Airlines', 'RPVM');
INSERT INTO Compagnia VALUES ('team@AquaJetFerries.com', 'M#t_l9lEy+2Ed@gU51iJU5Mp', '2019-08-05 07:06:26', 'AquaJet Ferries', 'LDZA');
INSERT INTO INFORMAZIONI_BAGAGLI VALUES ('14', NULL, '11');
INSERT INTO INFORMAZIONI_BAGAGLI VALUES ('10', NULL, '10');
INSERT INTO INFORMAZIONI_BAGAGLI VALUES ('7', '12', '8');
INSERT INTO INFORMAZIONI_BAGAGLI VALUES ('1', '5', NULL);
INSERT INTO INFORMAZIONI_BAGAGLI VALUES ('2', NULL, '13');
INSERT INTO INFORMAZIONI_BAGAGLI VALUES ('11', NULL, NULL);
INSERT INTO INFORMAZIONI_BAGAGLI VALUES ('13', '8', '6');
INSERT INTO INFORMAZIONI_BAGAGLI VALUES ('6', NULL, '18');
INSERT INTO INFORMAZIONI_BAGAGLI VALUES ('4', NULL, '19');
INSERT INTO INFORMAZIONI_BAGAGLI VALUES ('3', '11', NULL);
INSERT INTO INFORMAZIONI_BAGAGLI VALUES ('0', NULL, '14');
INSERT INTO INFORMAZIONI_BAGAGLI VALUES ('5', '4', NULL);
INSERT INTO INFORMAZIONI_BAGAGLI VALUES ('8', NULL, '12');
INSERT INTO Citta VALUES ('7','Novoli', 'Italia');
INSERT INTO Citta VALUES ('13','Rapone', 'Italia');
INSERT INTO Citta VALUES ('26','Niscemi', 'Italia');
INSERT INTO Citta VALUES ('44','Fiumicino Di Savignano', 'Italia');
INSERT INTO Citta VALUES ('28','Pomaia', 'Italia');
INSERT INTO Citta VALUES ('18','Pozzolengo', 'Italia');
INSERT INTO Citta VALUES ('16','San Gabriele Dell''Addolorata', 'Italia');
INSERT INTO Citta VALUES ('51','Loreto Aprutino', 'Italia');
INSERT INTO Citta VALUES ('8','Ulmi', 'Italia');
INSERT INTO Citta VALUES ('9','Barriera Del Bosco', 'Italia');
INSERT INTO Citta VALUES ('23','Cascia', 'Italia');
INSERT INTO Citta VALUES ('46','Picerno', 'Italia');
INSERT INTO Citta VALUES ('49','Beverino', 'Italia');
INSERT INTO Citta VALUES ('57','Spilinga', 'Italia');
INSERT INTO Citta VALUES ('58','Saltocchio', 'Italia');
INSERT INTO Citta VALUES ('21','Dragoni', 'Italia');
INSERT INTO Citta VALUES ('2','Vannullo', 'Italia');
INSERT INTO Citta VALUES ('50','Molinello', 'Italia');
INSERT INTO Citta VALUES ('15','Reggio Emilia', 'Italia');
INSERT INTO Citta VALUES ('5','Luras', 'Italia');
INSERT INTO Citta VALUES ('6','Citerna', 'Italia');
INSERT INTO Citta VALUES ('14','Dego', 'Italia');
INSERT INTO Citta VALUES ('53','San Nicolo'' Di Celle', 'Italia');
INSERT INTO Citta VALUES ('17','Gergei', 'Italia');
INSERT INTO Citta VALUES ('47','Giave', 'Italia');
INSERT INTO Citta VALUES ('29','Monteforte Irpino', 'Italia');
INSERT INTO Citta VALUES ('12','Reano', 'Italia');
INSERT INTO Citta VALUES ('35','Agliana', 'Italia');
INSERT INTO Citta VALUES ('22','Villar Pellice', 'Italia');
INSERT INTO Citta VALUES ('41','Badia A Cerreto', 'Italia');
INSERT INTO Citta VALUES ('32','Castelbellino', 'Italia');
INSERT INTO Citta VALUES ('52','Pila', 'Italia');
INSERT INTO Citta VALUES ('48','Gannano', 'Italia');
INSERT INTO Citta VALUES ('54','Barcarola', 'Italia');
INSERT INTO Citta VALUES ('3','Villa Motta', 'Italia');
INSERT INTO Citta VALUES ('11','Tarvisio', 'Italia');
INSERT INTO Citta VALUES ('34','Isola Fossara', 'Italia');
INSERT INTO Citta VALUES ('56','Laureana Cilento', 'Italia');
INSERT INTO Citta VALUES ('19','Careri', 'Italia');
INSERT INTO Citta VALUES ('30','Tuenno', 'Italia');
INSERT INTO Citta VALUES ('38','Casa Castalda', 'Italia');
INSERT INTO Citta VALUES ('20','Ville Di Corsano', 'Italia');
INSERT INTO Citta VALUES ('40','Martinengo', 'Italia');
INSERT INTO Citta VALUES ('33','Vinovo', 'Italia');
INSERT INTO Citta VALUES ('25','Valbrevenna', 'Italia');
INSERT INTO Citta VALUES ('55','Costa Calcinara', 'Italia');
INSERT INTO Citta VALUES ('4','Antholz', 'Italia');
INSERT INTO Citta VALUES ('59','Stazione Morrovalle', 'Italia');
INSERT INTO Citta VALUES ('1','Campo Di Giove', 'Italia');
INSERT INTO Citta VALUES ('0','Straulas', 'Italia');
INSERT INTO Citta VALUES ('45','San Giovanni Di Querciola', 'Italia');
INSERT INTO Citta VALUES ('27','Santa Cecilia Di Eboli', 'Italia');
INSERT INTO Citta VALUES ('31','Carloforte', 'Italia');
INSERT INTO Citta VALUES ('39','Tolentino', 'Italia');
INSERT INTO Citta VALUES ('10','Zattaglia', 'Italia');
INSERT INTO Citta VALUES ('24','Vibo Valentia Marina', 'Italia');
INSERT INTO Citta VALUES ('37','San Fili', 'Italia');
INSERT INTO Citta VALUES ('42','Sant''Arpino', 'Italia');
INSERT INTO Citta VALUES ('36','Loano', 'Italia');
INSERT INTO Citta VALUES ('43','Montedoro', 'Italia');
INSERT INTO AGENZIA VALUES ('support@TurismoRuraleMagico.com', 'axJNM4HZHV2zsF@XN@#', '2022-05-22 21:13:32', 'Turismo Rurale Magico', 59, 'Via Garofalo 19');
INSERT INTO AGENZIA VALUES ('support@ViaggiUnici.com', 'Y9Jc7fD)X)JH^ecjSS054QJm', '2022-01-11 17:57:43', 'Viaggi Unici', 10, 'Via Garibaldi 98');
INSERT INTO AGENZIA VALUES ('support@SvelailMondo.com', 'CwM#tD9cF!8_0uZ5rYvNrc$5', '2020-02-25 06:12:11', 'Svela il Mondo', 32, 'Via Garofalo 19');
INSERT INTO AGENZIA VALUES ('support@TurismoSostenibile.com', 'j7+1xR_FgT5tGGMA_I*yZVny', '2021-08-16 07:36:51', 'Turismo Sostenibile', 6, 'Piazza San Marco 5');
INSERT INTO AGENZIA VALUES ('support@SogniSenzaConfini.com', 'J6HueWAD#Vz8PvDy', '2019-05-29 14:35:51', 'Sogni Senza Confini', 24, 'Via Dante Alighieri 23');
INSERT INTO AGENZIA VALUES ('support@EsplorailMondoSegreto.com', 'q_T!O!llz@m6#j(X#bG@KtC6', '2020-12-03 16:33:57', 'Esplora il Mondo Segreto', 58, 'Via Dante Alighieri 23');
INSERT INTO Polizza VALUES(1,'Polizza di Viaggio Completa','La Polizza di Viaggio Completa è la scelta ideale per chi desidera massima tranquillità durante il proprio viaggio. Questa polizza offre una copertura estesa che si estende ben oltre le situazioni di base, garantendoti una protezione completa.

Copertura Principale:
1. Assistenza Medica all''Estero: La polizza copre le spese mediche necessarie dovute a malattie o infortuni durante il viaggio, inclusa l''evacuazione medica di emergenza in qualsiasi parte del mondo.
2. Annullamento del Viaggio: Se il tuo viaggio viene annullato per qualsiasi motivo, sarai rimborsato per le spese non rimborsabili sostenute per la prenotazione del viaggio.
3. Ritardo o Cancellazione del Volo: In caso di ritardi o cancellazioni dei voli, la polizza ti coprirà per le spese extra sostenute, come alloggio di lusso, pasti e trasporti alternativi.
4. Bagaglio Smarrito o Danneggiato: Se il tuo bagaglio viene smarrito o danneggiato durante il viaggio, la polizza fornirà una copertura completa per il recupero o la sostituzione dei tuoi effetti personali, incluso il valore degli oggetti di valore.
5. Assistenza Legale: Se incontri situazioni legali inaspettate durante il viaggio, questa polizza offre un ampio supporto legale e copre le spese legali.
6. Copertura per Attività Speciali: Questa polizza include coperture speciali per attività avventurose come sport estremi, immersioni subacquee e alpinismo.

Periodo di Copertura: La Polizza di Viaggio Completa è disponibile per il periodo specifico del biaggio
Assistenza 24/7: Siamo disponibili 24 ore al giorno, 7 giorni alla settimana, per fornirti supporto e assistenza in caso di emergenza ovunque tu sia nel mondo.

Con la Polizza di Viaggio Completa, viaggiare diventa un''esperienza senza preoccupazioni, sapendo che sei protetto in qualsiasi situazione imprevista che potresti incontrare durante il tuo viaggio.');
INSERT INTO Polizza VALUES(2,'Polizza di Viaggio Covid19','La Polizza di Viaggio con Copertura COVID-19 è stata progettata per affrontare le sfide specifiche legate alla pandemia di COVID-19 durante i tuoi viaggi. Questa polizza offre una copertura speciale per garantire la tua sicurezza e la tranquillità durante il viaggio in un periodo di incertezza.

Copertura Principale:

1. Copertura per Spese Mediche COVID-19: La polizza copre le spese mediche necessarie dovute al COVID-19 durante il viaggio, inclusi i test diagnostici, il trattamento e, se necessario, l''evacuazione medica.
2. Annullamento del Viaggio a Causa del COVID-19: Se il tuo viaggio viene annullato a causa del COVID-19, sarai rimborsato per le spese non rimborsabili sostenute per la prenotazione del viaggio.
3. Quarantena Obbligatoria: Se sei costretto a sottoporsi a quarantena durante il viaggio a causa del COVID-19, la polizza coprirà le spese extra sostenute, come alloggio e pasti.
4. Assistenza Legale COVID-19: Se incontri situazioni legali inaspettate legate al COVID-19 durante il viaggio, questa polizza può fornire assistenza legale e coprire le spese legali necessarie.

Periodo di Copertura: La Polizza di Viaggio con Copertura COVID-19 è disponibile per il periodo specifico del tuo viaggio e può essere estesa per coprire eventuali cambiamenti nei tuoi piani dovuti al COVID-19.
Assistenza 24/7: Siamo disponibili 24 ore al giorno, 7 giorni alla settimana, per fornirti supporto e assistenza in caso di emergenza legata al COVID-19 durante il viaggio.

Con la Polizza di Viaggio con Copertura COVID-19, puoi esplorare il mondo con la sicurezza di una copertura completa contro gli imprevisti legati alla pandemia.
');
INSERT INTO Polizza VALUES(3,'Polizza di Viaggio Pets','Descrizione: La Polizza di Viaggio per Animali Domestici è pensata per i viaggiatori che desiderano portare con sé i loro amici a quattro zampe. Questa polizza fornisce una copertura speciale per la salute e la sicurezza dei tuoi animali domestici durante il viaggio.

Copertura Principale:
1. Assistenza Medica all''Estero: La polizza copre le spese mediche necessarie dovute a malattie o infortuni durante il viaggio. Questa copertura include anche l''evacuazione medica di emergenza, se necessario.
2. Assistenza Veterinaria all''Estero: La polizza copre le spese veterinarie necessarie dovute a malattie o infortuni del tuo animale domestico durante il viaggio, inclusa la possibilità di visite presso le cliniche veterinarie locali.
3. Annullamento del Viaggio a Causa dell''Animale Domestico: Se devi annullare il viaggio a causa di un infortunio o una malattia del tuo animale domestico, sarai rimborsato per le spese non rimborsabili sostenute per la prenotazione del viaggio.
4. Custodia Temporanea dell''Animale: Se, a seguito di un infortunio o di un problema di salute, non puoi prenderti cura del tuo animale domestico durante il viaggio, la polizza coprirà le spese relative alla custodia temporanea.
5. Assistenza Legale: Se incontri situazioni legali inaspettate riguardanti te o il tuo animale domestico durante il viaggio, questa polizza può fornire assistenza legale e coprire le spese legali necessarie.

Periodo di Copertura: La Polizza di Viaggio per Animali Domestici è disponibile per il periodo specifico del tuo viaggio.
Assistenza 24/7: Siamo disponibili 24 ore al giorno, 7 giorni alla settimana, per fornirti supporto e assistenza in caso di emergenza legata al tuo animale domestico durante il viaggio.

Con la Polizza di Viaggio per Animali Domestici, puoi goderti il tuo viaggio con la sicurezza di avere il benessere del tuo amico peloso al centro delle tue preoccupazioni.
');
INSERT INTO Polizza VALUES(0,'Polizza di Viaggio Base','La Polizza di Viaggio Base è progettata per offrire una copertura essenziale e affidabile durante il tuo viaggio. Che tu stia pianificando una vacanza breve o un''avventura più lunga, questa polizza ti fornisce la tranquillità di sapere che sei protetto contro una serie di imprevisti.

Copertura Principale:
1. Assistenza Medica all''Estero: La polizza copre le spese mediche necessarie dovute a malattie o infortuni durante il viaggio. Questa copertura include anche l''evacuazione medica di emergenza, se necessario.
2. Annullamento del Viaggio: Se il tuo viaggio viene annullato per motivi coperti dalla polizza, sarai rimborsato per le spese non rimborsabili sostenute per la prenotazione del viaggio.
3. Ritardo o Cancellazione del Volo: In caso di ritardi o cancellazioni dei voli, la polizza ti coprirà per le spese extra sostenute, come alloggio e pasti.
4. Bagaglio Smarrito o Danneggiato: Se il tuo bagaglio viene smarrito o danneggiato durante il viaggio, la polizza fornirà una copertura per il suo recupero o la sostituzione dei tuoi effetti personali.
5. Assistenza Legale: Se incontri situazioni legali inaspettate durante il viaggio, questa polizza può fornire assistenza legale e coprire le spese legali necessarie.

Periodo di Copertura: La polizza di viaggio base è disponibile per un periodo specifico che puoi selezionare in base alle tue esigenze. È possibile scegliere una copertura per un singolo viaggio o una copertura multi-viaggio valida per un anno intero.
Assistenza 24/7: Siamo disponibili 24 ore al giorno, 7 giorni alla settimana, per fornirti supporto e assistenza in caso di emergenza ovunque tu sia nel mondo.
Pacchetto Fondamentale per la Sicurezza: La Polizza di Viaggio Base è il tuo compagno fidato per garantire una protezione fondamentale durante il viaggio. Con tariffe accessibili e una copertura essenziale, puoi viaggiare con fiducia sapendo che sei protetto in caso di imprevisti.

Ti consigliamo di esaminare attentamente i dettagli del contratto e le condizioni di copertura specifiche per garantire che soddisfi tutte le tue esigenze e aspettative durante il viaggio.
');
INSERT INTO DESCRIZIONE VALUES (0, 'Rilassati al Mare', 'Goditi una vacanza rilassante al mare con spiagge di sabbia dorata e acque cristalline.');
INSERT INTO DESCRIZIONE VALUES (1, 'Esplora una Città Vibrante', 'Scopri una città piena di vita, con monumenti storici, ristoranti gourmet e vita notturna vivace.');
INSERT INTO DESCRIZIONE VALUES (2, 'Avventura in Montagna', 'Fai trekking tra le montagne, respira l''aria fresca e ammira panorami mozzafiato.');
INSERT INTO DESCRIZIONE VALUES (3, 'Vacanza Culturale', 'Immergiti nella cultura locale con visite a musei, gallerie d''arte e siti storici.');
INSERT INTO DESCRIZIONE VALUES (4, 'Rilassamento al Mare', 'Trascorri giornate di puro relax sulla spiaggia e rilassati in resort di lusso.');
INSERT INTO DESCRIZIONE VALUES (5, 'Esplorazione Urbana', 'Passeggia per le strade affollate, assapora la cucina locale e scopri segreti nascosti della città.');
INSERT INTO DESCRIZIONE VALUES (6, 'Escursioni in Montagna', 'Affronta escursioni impegnative e conquista le vette più alte.');
INSERT INTO DESCRIZIONE VALUES (7, 'Viaggio Enogastronomico', 'Delizia il tuo palato con prelibatezze locali e degusta vini pregiati.');
INSERT INTO DESCRIZIONE VALUES (8, 'Divertimento in Spiaggia', 'Partecipa a sport acquatici, feste in spiaggia e attività all''aperto.');
INSERT INTO DESCRIZIONE VALUES (9, 'Arte e Cultura Urbana', 'Esplora gallerie d''arte contemporanea, teatri e quartieri culturali.');
INSERT INTO DESCRIZIONE VALUES (10, 'Relax Costiero', 'Goditi il suono delle onde e le brezze marine in un tranquillo rifugio sulla costa.');
INSERT INTO DESCRIZIONE VALUES (11, 'Esplorazione Storica', 'Scopri la storia antica della regione visitando siti archeologici e castelli medievali.');
INSERT INTO DESCRIZIONE VALUES (12, 'Sfide in Montagna', 'Affronta percorsi avventurosi, arrampicate su roccia e gite in bicicletta in montagna.');
INSERT INTO DESCRIZIONE VALUES (13, 'Viaggio Gastronomico', 'Assaggia la cucina locale attraverso tour culinari guidati e lezioni di cucina.');
INSERT INTO DESCRIZIONE VALUES (14, 'Spiaggia e Sport Acquatici', 'Pratica sport acquatici come il surf, il nuoto e il kayak nelle acque cristalline.');
INSERT INTO DESCRIZIONE VALUES (15, 'Vita Notturna Cittadina', 'Esperienza notti indimenticabili con club, bar e spettacoli in città.');
INSERT INTO DESCRIZIONE VALUES (16, 'Percorsi Panoramici in Montagna', 'Segui percorsi panoramici tra valli e cime montane mozzafiato.');
INSERT INTO DESCRIZIONE VALUES (17, 'Esperienza Teatrale', 'Assisti a spettacoli teatrali, concerti e opere d''arte in città culturali.');
INSERT INTO DESCRIZIONE VALUES (18, 'Soggiorno di Lusso in Riva al Mare', 'Vivi in ​​un resort di lusso con servizio personalizzato a due passi dalla spiaggia.');
INSERT INTO DESCRIZIONE VALUES (19, 'Esplorazione Architettonica', 'Ammira l''architettura unica delle città con edifici storici e moderni.');
INSERT INTO DESCRIZIONE VALUES (20, 'Ski e Neve', 'Scia sulle piste innevate e rilassati in accoglienti chalet di montagna.');
INSERT INTO DESCRIZIONE VALUES (21, 'Cultura e Musica', 'Immergiti nella scena musicale e culturale della città con concerti e festival.');
INSERT INTO DESCRIZIONE VALUES (22, 'Resort All-Inclusive', 'Goditi un soggiorno senza pensieri in un resort all-inclusive con tutte le comodità.');
INSERT INTO DESCRIZIONE VALUES (23, 'Tour Enologici', 'Esplora le cantine locali e degusta i migliori vini e prodotti tipici della regione.');
INSERT INTO DESCRIZIONE VALUES (24, 'Avventure Subacquee', 'Scopri il mondo sottomarino con immersioni subacquee e snorkeling.');
INSERT INTO DESCRIZIONE VALUES (25, 'Arte Moderna e Contemporanea', 'Visita musei d''arte moderna e contemporanea nelle città d''avanguardia.');
INSERT INTO DESCRIZIONE VALUES (26, 'Relax Termale in Montagna', 'Rilassati nelle sorgenti termali naturali in un ambiente di montagna sereno.');
INSERT INTO DESCRIZIONE VALUES (27, 'Scoperta Storica e Religiosa', 'Esplora siti storici e luoghi di culto in città ricche di storia.');
INSERT INTO DESCRIZIONE VALUES (28, 'Spiaggia e Yoga', 'Rigenera corpo e mente con lezioni di yoga sulla spiaggia al sorgere del sole.');
INSERT INTO DESCRIZIONE VALUES (29, 'Avventura in Montagna Estiva', 'Esplora le montagne durante l''estate con escursioni e sport all''aperto.');
INSERT INTO DESCRIZIONE VALUES (30, 'Hotel Bella Vista', 'Un hotel di lusso con vista panoramica sulla baia.');
INSERT INTO DESCRIZIONE VALUES (31, 'Casa delle Montagne', 'Una casa accogliente nelle Alpi con vista sulle montagne.');
INSERT INTO DESCRIZIONE VALUES (32, 'Suite di lusso al centro', 'Una suite elegante nel cuore della città.');
INSERT INTO DESCRIZIONE VALUES (33, 'Appartamento sul mare', 'Un appartamento affacciato sulla spiaggia di sabbia bianca.');
INSERT INTO DESCRIZIONE VALUES (34, 'Chalet di montagna', 'Un accogliente chalet di legno nelle montagne.');
INSERT INTO DESCRIZIONE VALUES (35, 'Hotel Elegante', 'Un hotel di lusso nel centro della città.');
INSERT INTO DESCRIZIONE VALUES (36, 'Suite vista mare', 'Una suite di lusso con vista panoramica sul mare.');
INSERT INTO DESCRIZIONE VALUES (37, 'Appartamento nel centro storico', 'Un appartamento nel cuore della città antica.');
INSERT INTO DESCRIZIONE VALUES (38, 'Villa tranquilla', 'Una villa spaziosa con giardino, perfetta per una vacanza rilassante.');
INSERT INTO DESCRIZIONE VALUES (39, 'Resort sulla spiaggia', 'Un resort a cinque stelle direttamente sulla spiaggia.');
INSERT INTO DESCRIZIONE VALUES (40, 'Appartamento moderno', 'Un appartamento moderno con una vista panoramica sulla città.');
INSERT INTO DESCRIZIONE VALUES (41, 'Chalet di montagna accogliente', 'Un chalet di montagna con camino per una fuga invernale.');
INSERT INTO DESCRIZIONE VALUES (42, 'Suite di lusso con jacuzzi', 'Una suite di lusso con jacuzzi privata.');
INSERT INTO DESCRIZIONE VALUES (43, 'Appartamento vista mare', 'Un appartamento con vista sul mare e accesso diretto alla spiaggia.');
INSERT INTO DESCRIZIONE VALUES (44, 'Hotel nel centro storico', 'Un affascinante hotel nel cuore del centro storico.');
INSERT INTO DESCRIZIONE VALUES (45, 'Villa sulle colline', 'Una villa con piscina immersa nelle colline toscane.');
INSERT INTO ALLOGGIO VALUES (0, 'Suite Belle Époque', '1', 'Suite', 40, 'Via Carducci 60');
INSERT INTO ALLOGGIO VALUES (2, 'Casa del Laghetto', NULL, 'Casa', 30, 'Via Alessandro Volta 56');
INSERT INTO ALLOGGIO VALUES (35, 'Hotel Alpino', '1', 'Hotel', 36, 'Via Garibaldi 25');
INSERT INTO ALLOGGIO VALUES (26, 'Hotel Alpino', NULL, 'Hotel', 38, 'Corso Italia 92');
INSERT INTO ALLOGGIO VALUES (37, 'Hotel Alpino', '5', 'Hotel', 44, 'Via Garibaldi 25');
INSERT INTO ALLOGGIO VALUES (41, 'Hotel Aurora', '5', 'Hotel', 41, 'Via Cavour 33');
INSERT INTO ALLOGGIO VALUES (42, 'Hotel La Cascata', NULL, 'Hotel', 31, 'Corso Italia 92');
INSERT INTO ALLOGGIO VALUES (49, 'Suite Nebbia Mattutina', NULL, 'Suite', 34, 'Via Manzoni 78');
INSERT INTO ALLOGGIO VALUES (17, 'Casa Vista Mare', NULL, 'Casa', 39, 'Piazza Duomo 1');
INSERT INTO ALLOGGIO VALUES (51, 'Hotel L''Oasi', '5', 'Hotel', 37, 'Via dei Mille 95');
INSERT INTO ALLOGGIO VALUES (21, 'Suite dei Sogni', '3', 'Suite', 35, 'Via dei Mille 95');
INSERT INTO ALLOGGIO VALUES (53, 'Casa Vista Mare', NULL, 'Casa', 42, 'Piazza Navona 10');
INSERT INTO ALLOGGIO VALUES (56, 'Casa Vista Mare', NULL, 'Casa', 43, 'Via Garibaldi 25');
INSERT INTO ALLOGGIO VALUES (26, 'Casa Vista Mare', NULL, 'Casa', 32, 'Via Leonardo da Vinci 105');
INSERT INTO ALLOGGIO VALUES (29, 'Suite Paradiso Blu', '3', 'Suite', 33, 'Via Dante Alighieri 42');
INSERT INTO PACCHETTO_VIAGGIO VALUES(0, 1337.19, 4, 2, '2023-04-09', '2023-04-15', 'support@EsplorailMondoSegreto.com', 1, 0, 35, 'Hotel Alpino');
INSERT INTO PACCHETTO_VIAGGIO VALUES(1, 528.07, 2, 3, '2020-05-14', '2020-05-27', 'support@TurismoSostenibile.com', 3, 2, 41, 'Hotel Aurora');
INSERT INTO PACCHETTO_VIAGGIO VALUES(2, 594.28, 3, 7, '2023-05-24', '2023-06-04', 'support@SogniSenzaConfini.com', 0, 23, 26, 'Hotel Alpino');
INSERT INTO PACCHETTO_VIAGGIO VALUES(3, 1166.92, 3, 6, '2021-11-09', '2021-11-19', 'support@SogniSenzaConfini.com', 0, 10, 29, 'Suite Paradiso Blu');
INSERT INTO PACCHETTO_VIAGGIO VALUES(4, 867.29, 2, 5, '2021-05-25', '2021-06-01', 'support@SogniSenzaConfini.com', 0, 7, 0, 'Suite Belle Époque');
INSERT INTO PACCHETTO_VIAGGIO VALUES(5, 1126.68, 3, 6, '2022-03-30', '2022-04-05', 'support@SogniSenzaConfini.com', 0, 17, 0, 'Suite Belle Époque');
INSERT INTO PACCHETTO_VIAGGIO VALUES(6, 781.01, 1, 7, '2022-06-20', '2022-06-26', 'support@ViaggiUnici.com', 1, 24, 17, 'Casa Vista Mare');
INSERT INTO PACCHETTO_VIAGGIO VALUES(7, 1093.89, 3, 5, '2020-07-17', '2020-07-21', 'support@TurismoSostenibile.com', 1, 26, 41, 'Hotel Aurora');
INSERT INTO PACCHETTO_VIAGGIO VALUES(8, 1199.75, 2, 5, '2021-07-09', '2021-07-20', 'support@SogniSenzaConfini.com', 2, 24, 56, 'Casa Vista Mare');
INSERT INTO PACCHETTO_VIAGGIO VALUES(9, 435.13, 3, 9, '2022-09-02', '2022-09-08', 'support@ViaggiUnici.com', 0, 4, 2, 'Casa del Laghetto');
INSERT INTO PACCHETTO_VIAGGIO VALUES(10, 436.15, 4, 4, '2022-07-26', '2022-08-07', 'support@TurismoRuraleMagico.com', 3, 8, 2, 'Casa del Laghetto');
INSERT INTO PACCHETTO_VIAGGIO VALUES(11, 462.59, 1, 6, '2021-05-19', '2021-05-28', 'support@EsplorailMondoSegreto.com', 0, 22, 56, 'Casa Vista Mare');
INSERT INTO PACCHETTO_VIAGGIO VALUES(12, 1041.78, 4, 3, '2020-10-12', '2020-10-19', 'support@TurismoRuraleMagico.com', 2, 7, 26, 'Hotel Alpino');
INSERT INTO PACCHETTO_VIAGGIO VALUES(13, 978.09, 1, 4, '2019-09-30', '2019-10-14', 'support@TurismoSostenibile.com', 2, 3, 26, 'Hotel Alpino');
INSERT INTO PACCHETTO_VIAGGIO VALUES(14, 887.63, 2, 5, '2022-02-26', '2022-03-01', 'support@TurismoRuraleMagico.com', 0, 4, 35, 'Hotel Alpino');
INSERT INTO AEROPORTO VALUES ('NYXB', '52');
INSERT INTO AEROPORTO VALUES ('QQEH', '41');
INSERT INTO AEROPORTO VALUES ('TVZK', '2');
INSERT INTO AEROPORTO VALUES ('PDEA', '0');
INSERT INTO AEROPORTO VALUES ('YYPO', '46');
INSERT INTO AEROPORTO VALUES ('MBCL', '56');
INSERT INTO AEROPORTO VALUES ('PQAS', '26');
INSERT INTO AEROPORTO VALUES ('LVJY', '54');
INSERT INTO AEROPORTO VALUES ('FNVN', '35');
INSERT INTO AEROPORTO VALUES ('TNPP', '37');
INSERT INTO AEROPORTO VALUES ('EOCM', '21');
INSERT INTO AEROPORTO VALUES ('XZJT', '5');
INSERT INTO AEROPORTO VALUES ('EHCX', '20');
INSERT INTO AEROPORTO VALUES ('UYDK', '31');
INSERT INTO AEROPORTO VALUES ('HHGX', '22');
INSERT INTO AEROPORTO VALUES ('KPCP', '12');
INSERT INTO AEROPORTO VALUES ('ZPHD', '23');
INSERT INTO AEROPORTO VALUES ('NWUS', '43');
INSERT INTO AEROPORTO VALUES ('BZST', '47');
INSERT INTO AEROPORTO VALUES ('DTDN', '29');
INSERT INTO AEROPORTO VALUES ('XSSG', '32');
INSERT INTO AEROPORTO VALUES ('QBBV', '6');
INSERT INTO AEROPORTO VALUES ('QTDP', '17');
INSERT INTO AEROPORTO VALUES ('EMRQ', '39');
INSERT INTO AEROPORTO VALUES ('ISZY', '24');
INSERT INTO AEROPORTO VALUES ('NQYH', '58');
INSERT INTO AEROPORTO VALUES ('JOXR', '16');
INSERT INTO AEROPORTO VALUES ('JLRB', '7');
INSERT INTO AEROPORTO VALUES ('EBUE', '59');
INSERT INTO AEROPORTO VALUES ('DCNP', '48');
INSERT INTO AEROPORTO VALUES ('FGOZ', '10');
INSERT INTO AEROPORTO VALUES ('YWFQ', '50');
INSERT INTO AEROPORTO VALUES ('GARH', '40');
INSERT INTO AEROPORTO VALUES ('OHON', '19');
INSERT INTO AEROPORTO VALUES ('QZSY', '42');
INSERT INTO AEROPORTO VALUES ('OEVJ', '4');
INSERT INTO AEROPORTO VALUES ('VNPS', '3');
INSERT INTO AEROPORTO VALUES ('HPJS', '13');
INSERT INTO AEROPORTO VALUES ('RXEV', '44');
INSERT INTO AEROPORTO VALUES ('MXRQ', '30');
INSERT INTO AEROPORTO VALUES ('TZHN', '14');
INSERT INTO AEROPORTO VALUES ('HXPO', '53');
INSERT INTO AEROPORTO VALUES ('AVSM', '9');
INSERT INTO AEROPORTO VALUES ('AWQX', '25');
INSERT INTO AEROPORTO VALUES ('ZCNW', '15');
INSERT INTO AEROPORTO VALUES ('XCIC', '1');
INSERT INTO AEROPORTO VALUES ('GASE', '38');
INSERT INTO AEROPORTO VALUES ('ZICZ', '33');
INSERT INTO AEROPORTO VALUES ('ATTE', '49');
INSERT INTO AEROPORTO VALUES ('MJXY', '36');
INSERT INTO AEROPORTO VALUES ('GCGN', '34');
INSERT INTO VOLO VALUES(0, 'Prima Classe', 'Aeroporto', 74.02, 'team@AquaJetFerries.com', 'NYXB', '2020-07-17 23:31:43', 'QQEH', '2020-07-18 02:03:30.183161', 3);
INSERT INTO VOLO VALUES(2, 'Business', 'Online', 46.785000000000004, 'team@AquaJetFerries.com', 'TVZK', '2021-05-25 05:31:09', 'PDEA', '2021-05-25 07:30:38.634553', 14);
INSERT INTO VOLO VALUES(4, 'Premium Economy', 'Aeroporto', 32.136, 'team@RiverRideCruises.com', 'YYPO', '2021-05-19 23:03:45', 'MBCL', '2021-05-20 01:14:08.040752', 2);
INSERT INTO VOLO VALUES(6, 'Prima Classe', 'Online', 71.78, 'team@SkySprintAirlines.com', 'PQAS', '2022-02-26 00:55:52', 'LVJY', '2022-02-26 03:00:39.565605', 14);
INSERT INTO VOLO VALUES(7, 'Business', 'Aeroporto', 37.5, 'team@AquaJetFerries.com', 'LVJY', '2022-02-26 04:00:39.565605', 'FNVN', '2022-02-26 06:43:14.524804', 14);
INSERT INTO VOLO VALUES(10, 'Prima Classe', 'Online', 71.5, 'team@SkySprintAirlines.com', 'MBCL', '2020-10-12 07:08:53', 'NYXB', '2020-10-12 09:16:00.415849', 0);
INSERT INTO VOLO VALUES(11, 'Business Deluxe', 'Aeroporto', 43.038000000000004, 'team@SkySprintAirlines.com', 'NYXB', '2020-10-12 10:04:00.415849', 'EOCM', '2020-10-12 13:11:49.768745', 0);
INSERT INTO VOLO VALUES(12, 'Prima Classe', 'Online', 69.84, 'team@SkySprintAirlines.com', 'EOCM', '2020-10-12 13:29:49.768745', 'PQAS', '2020-10-12 16:57:35.573554', 0);
INSERT INTO VOLO VALUES(16, 'Business', 'Online', 58.47, 'team@AquaJetFerries.com', 'XZJT', '2023-04-09 07:01:10', 'FNVN', '2023-04-09 09:15:18.278104', 3);
INSERT INTO VOLO VALUES(18, 'Premium Economy', 'Aeroporto', 32.484, 'team@RiverRideCruises.com', 'EHCX', '2022-07-26 03:55:04', 'TVZK', '2022-07-26 06:03:47.504557', 0);
INSERT INTO VOLO VALUES(20, 'Economy Standard', 'Online', 36.62, 'team@SkySprintAirlines.com', 'UYDK', '2020-10-12 05:35:33', 'HHGX', '2020-10-12 07:09:09.166313', 8);
INSERT INTO VOLO VALUES(21, 'Economy Standard', 'Online', 31.07, 'team@SkySprintAirlines.com', 'HHGX', '2020-10-12 07:58:09.166313', 'PQAS', '2020-10-12 10:40:03.180118', 8);
INSERT INTO VOLO VALUES(24, 'Prima Classe', 'Aeroporto', 61.84, 'team@RiverRideCruises.com', 'ZPHD', '2021-05-25 22:08:22', 'PDEA', '2021-05-25 23:46:17.846008', 2);
INSERT INTO VOLO VALUES(26, 'Premium Economy', 'Online', 36.756, 'team@AquaJetFerries.com', 'NWUS', '2021-11-09 13:34:50', 'BZST', '2021-11-09 15:32:40.249639', 7);
INSERT INTO VOLO VALUES(27, 'Business', 'Aeroporto', 33.269999999999996, 'team@AquaJetFerries.com', 'BZST', '2021-11-09 16:14:40.249639', 'DTDN', '2021-11-09 19:10:29.085457', 7);
INSERT INTO VOLO VALUES(30, 'Economy', 'Aeroporto', 37.4, 'team@AquaJetFerries.com', 'QBBV', '2022-06-20 15:32:02', 'QTDP', '2022-06-20 17:44:30.960970', 7);
INSERT INTO VOLO VALUES(32, 'Prima Classe', 'Online', 45.38, 'team@AquaJetFerries.com', 'EMRQ', '2022-06-20 07:54:04', 'ISZY', '2022-06-20 09:30:14.567694', 1);
INSERT INTO VOLO VALUES(33, 'Business', 'Aeroporto', 49.44, 'team@AquaJetFerries.com', 'ISZY', '2022-06-20 10:03:14.567694', 'QTDP', '2022-06-20 12:37:56.188195', 1);
INSERT INTO VOLO VALUES(36, 'Business Deluxe', 'Online', 63.054, 'team@AquaJetFerries.com', 'PQAS', '2020-07-17 18:36:24', 'QQEH', '2020-07-17 20:54:32.416852', 2);
INSERT INTO VOLO VALUES(38, 'Business', 'Aeroporto', 49.545, 'team@SkySprintAirlines.com', 'PDEA', '2021-07-09 17:57:43', 'MBCL', '2021-07-09 19:41:13.177374', 0);
INSERT INTO VOLO VALUES(40, 'Prima Classe', 'Aeroporto', 52.0, 'team@SkySprintAirlines.com', 'JOXR', '2021-11-09 09:51:40', 'DTDN', '2021-11-09 11:53:01.156686', 0);
INSERT INTO VOLO VALUES(42, 'Business Deluxe', 'Online', 57.078, 'team@SkySprintAirlines.com', 'YYPO', '2020-07-17 23:43:25', 'QQEH', '2020-07-18 02:05:02.624824', 10);
INSERT INTO VOLO VALUES(44, 'Prima Classe', 'Online', 62.84, 'team@RiverRideCruises.com', 'JLRB', '2020-05-14 18:14:50', 'QQEH', '2020-05-14 19:50:34.496661', 6);
INSERT INTO VOLO VALUES(46, 'Premium Economy', 'Aeroporto', 30.96, 'team@AquaJetFerries.com', 'NYXB', '2021-11-09 22:53:27', 'DTDN', '2021-11-10 01:36:01.065733', 10);
INSERT INTO VOLO VALUES(48, 'Business Deluxe', 'Online', 59.4, 'team@RiverRideCruises.com', 'EBUE', '2019-09-30 20:58:11', 'PQAS', '2019-09-30 22:35:13.254018', 8);
INSERT INTO VOLO VALUES(50, 'Economy Standard', 'Online', 27.04, 'team@AquaJetFerries.com', 'DCNP', '2021-07-09 02:25:52', 'MBCL', '2021-07-09 04:27:40.408259', 5);
INSERT INTO VOLO VALUES(52, 'Prima Classe', 'Aeroporto', 53.98, 'team@SkySprintAirlines.com', 'FGOZ', '2021-07-09 08:00:12', 'MBCL', '2021-07-09 10:03:21.501718', 11);
INSERT INTO VOLO VALUES(54, 'Prima Classe', 'Aeroporto', 67.02, 'team@AquaJetFerries.com', 'JLRB', '2022-06-20 21:04:28', 'QTDP', '2022-06-20 22:39:27.188964', 2);
INSERT INTO VOLO VALUES(56, 'Business Deluxe', 'Online', 57.852000000000004, 'team@RiverRideCruises.com', 'ISZY', '2021-07-09 23:33:57', 'MBCL', '2021-07-10 01:44:03.889394', 2);
INSERT INTO VOLO VALUES(58, 'Business', 'Aeroporto', 47.535000000000004, 'team@SkySprintAirlines.com', 'YWFQ', '2023-05-24 16:24:27', 'PQAS', '2023-05-24 18:56:50.228252', 2);
INSERT INTO VOLO VALUES(60, 'Business Deluxe', 'Online', 48.672, 'team@AquaJetFerries.com', 'BZST', '2019-09-30 01:20:58', 'PQAS', '2019-09-30 03:17:09.726020', 7);
INSERT INTO VOLO VALUES(62, 'Economy Standard', 'Aeroporto', 28.87, 'team@RiverRideCruises.com', 'UYDK', '2022-09-02 23:51:13', 'TVZK', '2022-09-03 01:54:12.249447', 1);
INSERT INTO VOLO VALUES(64, 'Business', 'Online', 56.489999999999995, 'team@SkySprintAirlines.com', 'GARH', '2019-09-30 11:02:34', 'PQAS', '2019-09-30 13:59:10.361501', 8);
INSERT INTO VOLO VALUES(66, 'Business Deluxe', 'Online', 60.98400000000001, 'team@SkySprintAirlines.com', 'QQEH', '2021-11-09 06:38:23', 'JLRB', '2021-11-09 08:36:23.268729', 10);
INSERT INTO VOLO VALUES(67, 'Business Deluxe', 'Online', 53.802, 'team@SkySprintAirlines.com', 'JLRB', '2021-11-09 09:01:23.268729', 'MBCL', '2021-11-09 12:17:54.071601', 10);
INSERT INTO VOLO VALUES(68, 'Business Deluxe', 'Online', 42.048, 'team@RiverRideCruises.com', 'MBCL', '2021-11-09 12:49:54.071601', 'DTDN', '2021-11-09 16:08:09.082317', 10);
INSERT INTO VOLO VALUES(72, 'Business Deluxe', 'Aeroporto', 70.56, 'team@SkySprintAirlines.com', 'OHON', '2022-07-26 10:45:08', 'TVZK', '2022-07-26 12:46:27.245045', 3);
INSERT INTO VOLO VALUES(74, 'Economy', 'Aeroporto', 22.75, 'team@SkySprintAirlines.com', 'XZJT', '2022-06-20 05:24:53', 'QTDP', '2022-06-20 08:21:14.864096', 8);
INSERT INTO VOLO VALUES(76, 'Economy Plus', 'Aeroporto', 39.798, 'team@AquaJetFerries.com', 'FGOZ', '2022-09-02 13:02:37', 'TVZK', '2022-09-02 15:13:22.093751', 3);
INSERT INTO VOLO VALUES(78, 'Business Deluxe', 'Aeroporto', 44.046, 'team@SkySprintAirlines.com', 'QZSY', '2022-03-30 09:51:29', 'PDEA', '2022-03-30 12:13:52.450894', 3);
INSERT INTO VOLO VALUES(80, 'Prima Classe', 'Aeroporto', 76.46, 'team@AquaJetFerries.com', 'PQAS', '2022-02-26 15:11:24', 'FNVN', '2022-02-26 16:48:46.445027', 0);
INSERT INTO VOLO VALUES(82, 'Economy Standard', 'Aeroporto', 30.83, 'team@SkySprintAirlines.com', 'OEVJ', '2021-05-19 07:41:49', 'MBCL', '2021-05-19 10:07:01.082652', 1);
INSERT INTO VOLO VALUES(84, 'Business', 'Online', 46.53, 'team@SkySprintAirlines.com', 'VNPS', '2022-06-20 04:54:13', 'QTDP', '2022-06-20 07:13:32.042606', 14);
INSERT INTO VOLO VALUES(86, 'Economy', 'Aeroporto', 33.4, 'team@RiverRideCruises.com', 'QQEH', '2022-03-30 04:30:53', 'HPJS', '2022-03-30 06:24:06.112204', 10);
INSERT INTO VOLO VALUES(87, 'Premium Economy', 'Online', 39.059999999999995, 'team@RiverRideCruises.com', 'HPJS', '2022-03-30 07:01:06.112204', 'PDEA', '2022-03-30 09:11:46.523532', 10);
INSERT INTO VOLO VALUES(90, 'Economy Plus', 'Online', 32.461000000000006, 'team@SkySprintAirlines.com', 'EMRQ', '2022-02-26 01:34:21', 'FNVN', '2022-02-26 03:54:26.030494', 13);
INSERT INTO VOLO VALUES(92, 'Economy', 'Aeroporto', 27.11, 'team@AquaJetFerries.com', 'BZST', '2022-02-26 10:37:23', 'MXRQ', '2022-02-26 12:41:49.925115', 4);
INSERT INTO VOLO VALUES(93, 'Economy', 'Aeroporto', 29.3, 'team@AquaJetFerries.com', 'MXRQ', '2022-02-26 13:20:49.925115', 'UYDK', '2022-02-26 16:31:45.822003', 4);
INSERT INTO VOLO VALUES(94, 'Premium Economy', 'Online', 33.492, 'team@AquaJetFerries.com', 'UYDK', '2022-02-26 17:17:45.822003', 'FNVN', '2022-02-26 20:21:57.239454', 4);
INSERT INTO VOLO VALUES(98, 'Business', 'Online', 53.97, 'team@SkySprintAirlines.com', 'YYPO', '2021-05-25 07:11:25', 'PDEA', '2021-05-25 08:53:24.073485', 10);
INSERT INTO VOLO VALUES(100, 'Business Deluxe', 'Online', 59.598, 'team@RiverRideCruises.com', 'QZSY', '2022-06-20 06:10:30', 'QTDP', '2022-06-20 08:10:14.209088', 8);
INSERT INTO VOLO VALUES(102, 'Business', 'Aeroporto', 33.705, 'team@SkySprintAirlines.com', 'TZHN', '2022-03-30 17:26:58', 'PDEA', '2022-03-30 19:17:09.180791', 1);
INSERT INTO VOLO VALUES(104, 'Business', 'Aeroporto', 51.69, 'team@SkySprintAirlines.com', 'HXPO', '2022-06-20 04:22:34', 'QTDP', '2022-06-20 06:14:04.860335', 13);
INSERT INTO VOLO VALUES(106, 'Business', 'Online', 59.37, 'team@SkySprintAirlines.com', 'AVSM', '2021-05-25 15:40:51', 'PDEA', '2021-05-25 17:33:00.557545', 2);
INSERT INTO VOLO VALUES(108, 'Business Deluxe', 'Aeroporto', 56.16, 'team@RiverRideCruises.com', 'AWQX', '2023-05-24 06:21:25', 'PQAS', '2023-05-24 08:59:30.981170', 8);
INSERT INTO VOLO VALUES(110, 'Business', 'Online', 47.04, 'team@AquaJetFerries.com', 'NQYH', '2022-03-30 22:19:13', 'PDEA', '2022-03-30 23:56:57.820531', 1);
INSERT INTO VOLO VALUES(112, 'Premium Economy', 'Aeroporto', 46.428, 'team@RiverRideCruises.com', 'EOCM', '2022-02-26 15:07:53', 'ZCNW', '2022-02-26 18:32:54.932127', 6);
INSERT INTO VOLO VALUES(113, 'Business Deluxe', 'Aeroporto', 57.294, 'team@RiverRideCruises.com', 'ZCNW', '2022-02-26 19:19:54.932127', 'FNVN', '2022-02-26 22:15:56.440711', 6);
INSERT INTO VOLO VALUES(116, 'Premium Economy', 'Online', 36.492, 'team@RiverRideCruises.com', 'XCIC', '2023-05-24 13:54:42', 'PQAS', '2023-05-24 15:44:08.793981', 13);
INSERT INTO VOLO VALUES(118, 'Economy Plus', 'Aeroporto', 32.494, 'team@AquaJetFerries.com', 'NQYH', '2019-09-30 19:08:56', 'PQAS', '2019-09-30 20:48:27.903074', 3);
INSERT INTO VOLO VALUES(120, 'Economy', 'Online', 23.23, 'team@RiverRideCruises.com', 'GASE', '2021-07-09 04:54:08', 'MBCL', '2021-07-09 07:02:58.225856', 10);
INSERT INTO VOLO VALUES(122, 'Business', 'Aeroporto', 43.29, 'team@RiverRideCruises.com', 'ZICZ', '2023-05-24 15:55:15', 'ATTE', '2023-05-24 17:29:42.122613', 3);
INSERT INTO VOLO VALUES(123, 'Economy', 'Online', 30.4, 'team@RiverRideCruises.com', 'ATTE', '2023-05-24 18:22:42.122613', 'PQAS', '2023-05-24 20:26:59.315727', 3);
INSERT INTO VOLO VALUES(126, 'Business Deluxe', 'Aeroporto', 52.326, 'team@SkySprintAirlines.com', 'MJXY', '2023-05-24 07:53:25', 'PQAS', '2023-05-24 10:49:21.391349', 2);
INSERT INTO VOLO VALUES(128, 'Economy', 'Aeroporto', 23.08, 'team@AquaJetFerries.com', 'TVZK', '2021-05-19 10:02:18', 'DTDN', '2021-05-19 13:00:04.596457', 3);
INSERT INTO VOLO VALUES(129, 'Prima Classe', 'Aeroporto', 64.62, 'team@AquaJetFerries.com', 'DTDN', '2021-05-19 13:23:04.596457', 'MBCL', '2021-05-19 15:38:50.073701', 3);
INSERT INTO VOLO VALUES(132, 'Economy', 'Online', 36.45, 'team@AquaJetFerries.com', 'NWUS', '2021-05-19 11:02:24', 'YWFQ', '2021-05-19 14:25:00.027859', 13);
INSERT INTO VOLO VALUES(133, 'Economy', 'Aeroporto', 34.81, 'team@AquaJetFerries.com', 'YWFQ', '2021-05-19 14:41:00.027859', 'MBCL', '2021-05-19 17:04:57.951622', 13);
INSERT INTO VOLO VALUES(136, 'Economy Plus', 'Aeroporto', 33.385000000000005, 'team@AquaJetFerries.com', 'TVZK', '2021-05-19 15:05:52', 'MBCL', '2021-05-19 17:31:21.237669', 11);
INSERT INTO VOLO VALUES(1, 'Business Deluxe', 'Online', 47.988, 'team@AquaJetFerries.com', 'QQEH', '2020-07-17 15:25:11', 'NYXB', '2020-07-17 17:11:37.020498', 3);
INSERT INTO VOLO VALUES(3, 'Economy Plus', 'Aeroporto', 27.819000000000003, 'team@AquaJetFerries.com', 'PDEA', '2021-05-25 09:37:45', 'TVZK', '2021-05-25 12:03:34.346329', 14);
INSERT INTO VOLO VALUES(5, 'Business Deluxe', 'Aeroporto', 70.308, 'team@RiverRideCruises.com', 'MBCL', '2021-05-19 05:18:14', 'YYPO', '2021-05-19 07:22:36.542094', 2);
INSERT INTO VOLO VALUES(8, 'Economy Plus', 'Online', 23.683000000000003, 'team@AquaJetFerries.com', 'FNVN', '2022-02-26 20:33:04', 'TNPP', '2022-02-26 22:39:23.283216', 14);
INSERT INTO VOLO VALUES(9, 'Business Deluxe', 'Aeroporto', 46.800000000000004, 'team@AquaJetFerries.com', 'TNPP', '2022-02-26 23:00:23.283216', 'PQAS', '2022-02-27 01:10:36.931330', 14);
INSERT INTO VOLO VALUES(13, 'Economy', 'Aeroporto', 24.35, 'team@SkySprintAirlines.com', 'PQAS', '2020-10-12 07:01:04', 'NYXB', '2020-10-12 10:09:59.498386', 0);
INSERT INTO VOLO VALUES(14, 'Prima Classe', 'Aeroporto', 71.62, 'team@SkySprintAirlines.com', 'NYXB', '2020-10-12 10:41:59.498386', 'FNVN', '2020-10-12 13:56:05.340637', 0);
INSERT INTO VOLO VALUES(15, 'Economy', 'Aeroporto', 36.27, 'team@AquaJetFerries.com', 'FNVN', '2020-10-12 14:42:05.340637', 'MBCL', '2020-10-12 17:53:13.567185', 0);
INSERT INTO VOLO VALUES(17, 'Economy', 'Online', 35.96, 'team@AquaJetFerries.com', 'FNVN', '2023-04-09 16:42:49', 'XZJT', '2023-04-09 18:36:33.658379', 3);
INSERT INTO VOLO VALUES(19, 'Business Deluxe', 'Online', 45.144, 'team@RiverRideCruises.com', 'TVZK', '2022-07-26 03:43:46', 'EHCX', '2022-07-26 05:25:20.827693', 0);
INSERT INTO VOLO VALUES(22, 'Economy Standard', 'Aeroporto', 28.45, 'team@SkySprintAirlines.com', 'PQAS', '2020-10-12 20:54:11', 'KPCP', '2020-10-12 23:31:56.516246', 8);
INSERT INTO VOLO VALUES(23, 'Economy Plus', 'Aeroporto', 32.208000000000006, 'team@SkySprintAirlines.com', 'KPCP', '2020-10-13 00:02:56.516246', 'UYDK', '2020-10-13 02:53:38.950618', 8);
INSERT INTO VOLO VALUES(25, 'Prima Classe', 'Aeroporto', 42.12, 'team@RiverRideCruises.com', 'PDEA', '2021-05-25 00:25:22', 'ZPHD', '2021-05-25 02:38:39.163849', 2);
INSERT INTO VOLO VALUES(28, 'Prima Classe', 'Online', 69.4, 'team@AquaJetFerries.com', 'DTDN', '2021-11-09 17:43:19', 'XSSG', '2021-11-09 19:57:56.683987', 7);
INSERT INTO VOLO VALUES(29, 'Economy', 'Online', 24.36, 'team@AquaJetFerries.com', 'XSSG', '2021-11-09 20:53:56.683987', 'NWUS', '2021-11-09 23:07:34.089057', 7);
INSERT INTO VOLO VALUES(31, 'Business Deluxe', 'Aeroporto', 37.152, 'team@AquaJetFerries.com', 'QTDP', '2022-06-20 18:38:23', 'QBBV', '2022-06-20 20:36:21.538850', 7);
INSERT INTO VOLO VALUES(34, 'Economy Plus', 'Aeroporto', 29.645000000000003, 'team@AquaJetFerries.com', 'QTDP', '2022-06-20 08:03:52', 'NQYH', '2022-06-20 10:48:05.329971', 1);
INSERT INTO VOLO VALUES(35, 'Economy Standard', 'Aeroporto', 36.92, 'team@AquaJetFerries.com', 'NQYH', '2022-06-20 11:25:05.329971', 'EMRQ', '2022-06-20 13:39:59.608563', 1);
INSERT INTO VOLO VALUES(37, 'Economy Plus', 'Online', 26.818, 'team@AquaJetFerries.com', 'QQEH', '2020-07-17 07:47:16', 'PQAS', '2020-07-17 09:19:17.309338', 2);
INSERT INTO VOLO VALUES(39, 'Business', 'Aeroporto', 41.894999999999996, 'team@SkySprintAirlines.com', 'MBCL', '2021-07-09 12:56:33', 'PDEA', '2021-07-09 15:01:15.509939', 0);
INSERT INTO VOLO VALUES(41, 'Business', 'Aeroporto', 43.08, 'team@SkySprintAirlines.com', 'DTDN', '2021-11-09 11:48:20', 'JOXR', '2021-11-09 13:25:07.323346', 0);
INSERT INTO VOLO VALUES(43, 'Business Deluxe', 'Aeroporto', 44.802, 'team@SkySprintAirlines.com', 'QQEH', '2020-07-17 13:04:48', 'YYPO', '2020-07-17 15:14:52.801209', 10);
INSERT INTO VOLO VALUES(45, 'Premium Economy', 'Online', 34.86, 'team@RiverRideCruises.com', 'QQEH', '2020-05-14 05:36:33', 'JLRB', '2020-05-14 07:49:29.628966', 6);
INSERT INTO VOLO VALUES(47, 'Economy Plus', 'Online', 27.676000000000002, 'team@AquaJetFerries.com', 'DTDN', '2021-11-09 08:00:16', 'NYXB', '2021-11-09 09:43:23.148260', 10);
INSERT INTO VOLO VALUES(49, 'Economy Standard', 'Online', 31.3, 'team@RiverRideCruises.com', 'PQAS', '2019-09-30 15:20:55', 'EBUE', '2019-09-30 17:01:08.686302', 8);
INSERT INTO VOLO VALUES(51, 'Economy Standard', 'Aeroporto', 34.51, 'team@AquaJetFerries.com', 'MBCL', '2021-07-09 18:29:17', 'DCNP', '2021-07-09 20:43:17.047406', 5);
INSERT INTO VOLO VALUES(53, 'Economy Plus', 'Aeroporto', 27.379, 'team@SkySprintAirlines.com', 'MBCL', '2021-07-09 08:07:20', 'FGOZ', '2021-07-09 09:50:35.239929', 11);
INSERT INTO VOLO VALUES(55, 'Prima Classe', 'Aeroporto', 53.86, 'team@AquaJetFerries.com', 'QTDP', '2022-06-20 23:26:12', 'JLRB', '2022-06-21 01:28:50.178965', 2);
INSERT INTO VOLO VALUES(57, 'Economy Plus', 'Aeroporto', 42.99900000000001, 'team@RiverRideCruises.com', 'MBCL', '2021-07-09 03:14:53', 'ISZY', '2021-07-09 05:24:19.553005', 2);
INSERT INTO VOLO VALUES(59, 'Economy Standard', 'Aeroporto', 26.51, 'team@SkySprintAirlines.com', 'PQAS', '2023-05-24 03:01:38', 'YWFQ', '2023-05-24 05:06:01.208836', 2);
INSERT INTO VOLO VALUES(61, 'Business', 'Aeroporto', 31.155, 'team@AquaJetFerries.com', 'PQAS', '2019-09-30 23:15:40', 'BZST', '2019-10-01 01:25:48.844103', 7);
INSERT INTO VOLO VALUES(63, 'Business Deluxe', 'Aeroporto', 44.262, 'team@RiverRideCruises.com', 'TVZK', '2022-09-02 03:19:02', 'UYDK', '2022-09-02 05:07:56.725276', 1);
INSERT INTO VOLO VALUES(65, 'Business Deluxe', 'Aeroporto', 52.452000000000005, 'team@SkySprintAirlines.com', 'PQAS', '2019-09-30 02:21:19', 'GARH', '2019-09-30 04:48:58.852663', 8);
INSERT INTO VOLO VALUES(69, 'Prima Classe', 'Aeroporto', 75.92, 'team@AquaJetFerries.com', 'DTDN', '2021-11-09 06:56:10', 'QQEH', '2021-11-09 10:12:22.688755', 10);
INSERT INTO VOLO VALUES(70, 'Economy Standard', 'Online', 39.77, 'team@AquaJetFerries.com', 'QQEH', '2021-11-09 11:07:22.688755', 'YYPO', '2021-11-09 14:30:18.296607', 10);
INSERT INTO VOLO VALUES(71, 'Economy Plus', 'Online', 29.04, 'team@AquaJetFerries.com', 'YYPO', '2021-11-09 15:09:18.296607', 'QQEH', '2021-11-09 18:37:11.320128', 10);
INSERT INTO VOLO VALUES(73, 'Economy Standard', 'Aeroporto', 25.81, 'team@SkySprintAirlines.com', 'TVZK', '2022-07-26 05:23:25', 'OHON', '2022-07-26 06:57:14.502351', 3);
INSERT INTO VOLO VALUES(75, 'Economy', 'Online', 33.19, 'team@SkySprintAirlines.com', 'QTDP', '2022-06-20 00:19:42', 'XZJT', '2022-06-20 02:01:00.025759', 8);
INSERT INTO VOLO VALUES(77, 'Business Deluxe', 'Online', 57.00600000000001, 'team@AquaJetFerries.com', 'TVZK', '2022-09-02 16:46:25', 'FGOZ', '2022-09-02 18:16:34.892268', 3);
INSERT INTO VOLO VALUES(79, 'Economy Plus', 'Online', 27.544, 'team@SkySprintAirlines.com', 'PDEA', '2022-03-30 15:55:03', 'QZSY', '2022-03-30 17:39:47.278065', 3);
INSERT INTO VOLO VALUES(81, 'Economy', 'Online', 28.61, 'team@AquaJetFerries.com', 'FNVN', '2022-02-26 10:04:52', 'PQAS', '2022-02-26 12:16:50.789759', 0);
INSERT INTO VOLO VALUES(83, 'Economy', 'Aeroporto', 32.05, 'team@SkySprintAirlines.com', 'MBCL', '2021-05-19 01:53:08', 'OEVJ', '2021-05-19 04:03:23.678193', 1);
INSERT INTO VOLO VALUES(85, 'Economy', 'Online', 32.81, 'team@SkySprintAirlines.com', 'QTDP', '2022-06-20 02:33:21', 'VNPS', '2022-06-20 04:04:18.763834', 14);
INSERT INTO VOLO VALUES(88, 'Premium Economy', 'Online', 40.812, 'team@RiverRideCruises.com', 'PDEA', '2022-03-30 05:16:43', 'RXEV', '2022-03-30 07:41:50.433614', 10);
INSERT INTO VOLO VALUES(89, 'Business', 'Online', 52.050000000000004, 'team@RiverRideCruises.com', 'RXEV', '2022-03-30 08:00:50.433614', 'QQEH', '2022-03-30 10:07:36.154746', 10);
INSERT INTO VOLO VALUES(91, 'Business', 'Aeroporto', 53.37, 'team@SkySprintAirlines.com', 'FNVN', '2022-02-26 10:36:57', 'EMRQ', '2022-02-26 12:35:29.665526', 13);
INSERT INTO VOLO VALUES(95, 'Economy', 'Aeroporto', 39.21, 'team@AquaJetFerries.com', 'FNVN', '2022-02-26 08:30:44', 'EOCM', '2022-02-26 11:03:37.693891', 4);
INSERT INTO VOLO VALUES(96, 'Economy Plus', 'Online', 41.150999999999996, 'team@AquaJetFerries.com', 'EOCM', '2022-02-26 11:22:37.693891', 'TVZK', '2022-02-26 14:21:35.455364', 4);
INSERT INTO VOLO VALUES(97, 'Prima Classe', 'Online', 41.5, 'team@AquaJetFerries.com', 'TVZK', '2022-02-26 15:12:35.455364', 'BZST', '2022-02-26 18:37:37.307629', 4);
INSERT INTO VOLO VALUES(99, 'Business', 'Online', 45.885, 'team@SkySprintAirlines.com', 'PDEA', '2021-05-25 19:06:59', 'YYPO', '2021-05-25 21:21:45.580732', 10);
INSERT INTO VOLO VALUES(101, 'Economy Plus', 'Aeroporto', 40.854000000000006, 'team@RiverRideCruises.com', 'QTDP', '2022-06-20 20:29:00', 'QZSY', '2022-06-20 22:35:26.513267', 8);
INSERT INTO VOLO VALUES(103, 'Economy', 'Online', 33.12, 'team@SkySprintAirlines.com', 'PDEA', '2022-03-30 13:42:21', 'TZHN', '2022-03-30 15:23:24.207855', 1);
INSERT INTO VOLO VALUES(105, 'Economy Plus', 'Online', 40.436, 'team@SkySprintAirlines.com', 'QTDP', '2022-06-20 02:49:54', 'HXPO', '2022-06-20 04:55:53.359852', 13);
INSERT INTO VOLO VALUES(107, 'Economy Plus', 'Aeroporto', 34.760000000000005, 'team@SkySprintAirlines.com', 'PDEA', '2021-05-25 18:47:58', 'AVSM', '2021-05-25 20:28:04.047253', 2);
INSERT INTO VOLO VALUES(109, 'Economy', 'Online', 28.86, 'team@RiverRideCruises.com', 'PQAS', '2023-05-24 11:58:25', 'AWQX', '2023-05-24 14:05:03.749435', 8);
INSERT INTO VOLO VALUES(111, 'Business', 'Online', 44.25, 'team@AquaJetFerries.com', 'PDEA', '2022-03-30 03:08:28', 'NQYH', '2022-03-30 04:46:38.202155', 1);
INSERT INTO VOLO VALUES(114, 'Business', 'Online', 40.650000000000006, 'team@RiverRideCruises.com', 'FNVN', '2022-02-26 15:00:27', 'XSSG', '2022-02-26 17:23:49.525532', 6);
INSERT INTO VOLO VALUES(115, 'Prima Classe', 'Online', 42.84, 'team@RiverRideCruises.com', 'XSSG', '2022-02-26 17:57:49.525532', 'EOCM', '2022-02-26 20:38:37.721414', 6);
INSERT INTO VOLO VALUES(117, 'Premium Economy', 'Aeroporto', 39.804, 'team@RiverRideCruises.com', 'PQAS', '2023-05-24 13:27:19', 'XCIC', '2023-05-24 15:35:26.942627', 13);
INSERT INTO VOLO VALUES(119, 'Economy Standard', 'Online', 22.41, 'team@AquaJetFerries.com', 'PQAS', '2019-09-30 16:31:33', 'NQYH', '2019-09-30 18:42:12.480924', 3);
INSERT INTO VOLO VALUES(121, 'Business', 'Aeroporto', 42.464999999999996, 'team@RiverRideCruises.com', 'MBCL', '2021-07-09 04:27:42', 'GASE', '2021-07-09 06:52:50.470748', 10);
INSERT INTO VOLO VALUES(124, 'Business Deluxe', 'Aeroporto', 63.989999999999995, 'team@RiverRideCruises.com', 'PQAS', '2023-05-24 06:39:31', 'MJXY', '2023-05-24 09:12:26.619532', 3);
INSERT INTO VOLO VALUES(125, 'Economy', 'Online', 25.43, 'team@RiverRideCruises.com', 'MJXY', '2023-05-24 09:39:26.619532', 'ZICZ', '2023-05-24 12:19:19.054059', 3);
INSERT INTO VOLO VALUES(127, 'Economy Standard', 'Aeroporto', 23.8, 'team@SkySprintAirlines.com', 'PQAS', '2023-05-24 10:33:13', 'MJXY', '2023-05-24 12:10:13.458869', 2);
INSERT INTO VOLO VALUES(130, 'Premium Economy', 'Online', 33.395999999999994, 'team@AquaJetFerries.com', 'MBCL', '2021-05-19 08:20:52', 'GCGN', '2021-05-19 10:30:35.898840', 3);
INSERT INTO VOLO VALUES(131, 'Business Deluxe', 'Online', 44.856, 'team@AquaJetFerries.com', 'GCGN', '2021-05-19 11:30:35.898840', 'TVZK', '2021-05-19 14:21:24.629515', 3);
INSERT INTO VOLO VALUES(134, 'Premium Economy', 'Online', 31.571999999999996, 'team@AquaJetFerries.com', 'MBCL', '2021-05-19 07:11:44', 'GCGN', '2021-05-19 09:55:50.199481', 13);
INSERT INTO VOLO VALUES(135, 'Business', 'Online', 47.94, 'team@AquaJetFerries.com', 'GCGN', '2021-05-19 10:20:50.199481', 'NWUS', '2021-05-19 12:54:11.886071', 13);
INSERT INTO VOLO VALUES(137, 'Premium Economy', 'Aeroporto', 45.636, 'team@AquaJetFerries.com', 'MBCL', '2021-05-19 17:02:23', 'TVZK', '2021-05-19 18:52:31.744452', 11);
INSERT INTO TRANSAZIONE VALUES ('IWCTPHVMTCGNACUN', 'Prosperity Bank', 2253.36, 'MoneyMover', '2022-03-20 05:27:07');
INSERT INTO TRANSAZIONE VALUES ('PFVXYYDVEZQPSEIC', 'FinanzaProgress', 2431.8, 'SecureTransact', '2020-07-05 06:39:12');
INSERT INTO TRANSAZIONE VALUES ('ASDNZJWDTRFALRQL', 'Prosperity Bank', 941.89, 'FinanzaTrust', '2021-05-03 09:50:58');
INSERT INTO TRANSAZIONE VALUES ('EPVMYSHOKOIOOFRG', 'Prosperity Bank', 565.03, 'EasyExchange', '2021-04-23 17:28:04');
INSERT INTO TRANSAZIONE VALUES ('ITVWSUNZTYPXRMJX', 'InnovaBank', 2134.79, 'MoneyMover', '2022-02-10 23:45:13');
INSERT INTO TRANSAZIONE VALUES ('YYYWZRLUQMAAYUXQ', 'Liberty Bank', 4075.19, 'SecurePay Connect', '2020-09-20 10:34:02');
INSERT INTO TRANSAZIONE VALUES ('VNLJJKBXABGQFVEY', 'WealthLink Bank', 1431.62, 'BancaNet Connect', '2023-03-23 05:07:33');
INSERT INTO TRANSAZIONE VALUES ('DJMWTPWTNGOEKRJH', 'SafeInvestment', 513.78, 'SecureTransact', '2022-07-12 21:17:49');
INSERT INTO TRANSAZIONE VALUES ('XLOKGITDIKAGFVGU', 'NexaFinance', 2340.26, 'CapitalCrossing', '2020-09-11 22:31:55');
INSERT INTO TRANSAZIONE VALUES ('GNEAQSXSOVXUCXOL', 'InnovaBank', 1942.5, 'FinanzaLink', '2021-05-01 15:58:47');
INSERT INTO TRANSAZIONE VALUES ('HWSZWHRJJWGGDRRG', 'WealthLink Bank', 3992.12, 'BancaLink Global', '2021-10-29 15:58:28');
INSERT INTO TRANSAZIONE VALUES ('JVJUOPXUJBLJWLEW', 'LibraBank', 855.56, 'CapitalNet', '2022-06-12 03:14:50');
INSERT INTO TRANSAZIONE VALUES ('UDLWMVRCKCGXJLJS', 'CapitalSecure', 528.07, 'SecurePay Connect', '2020-04-28 18:16:44');
INSERT INTO TRANSAZIONE VALUES ('URJICSWWIRYHNNXU', 'FirstChoiceFinance', 942.39, 'PayGuard Pro', '2022-05-26 13:01:30');
INSERT INTO TRANSAZIONE VALUES ('UKBKSETVKAZHHZTB', 'GreenFinance', 2367.52, 'FinanzaLink', '2020-07-08 13:55:27');
INSERT INTO TRANSAZIONE VALUES ('NKGSEBQFTEXTYFXT', 'Hamlin, Hamlin & McGill (HHM)', 1291.19, 'CapitalNet', '2021-06-13 05:02:59');
INSERT INTO TRANSAZIONE VALUES ('LEWCQEZXBWUTGFWG', 'SavingsFirst', 2524.0, 'BancaLink Global', '2021-10-16 21:29:10');
INSERT INTO TRANSAZIONE VALUES ('MGNGPGHMCDAAVQHN', 'Banca del Futuro', 2391.54, 'MonetaSecure', '2020-07-09 10:08:12');
INSERT INTO TRANSAZIONE VALUES ('XNNFDZGBRLFRLJIL', 'LibraBank', 625.77, 'CapitalNet', '2020-04-19 16:17:26');
INSERT INTO TRANSAZIONE VALUES ('SNYSZSLRZOIOEQQK', 'InnovaBank', 3676.67, 'FinanzaLink', '2021-10-20 09:10:33');
INSERT INTO TRANSAZIONE VALUES ('PFLYASXVBVEYZJMW', 'UniCassa', 1068.79, 'EasyExchange', '2019-09-19 23:27:15');
INSERT INTO TRANSAZIONE VALUES ('RHOTIQCYCKSKHFOV', 'Banca del Futuro', 1261.3, 'MonetaShield', '2021-06-09 01:59:00');
INSERT INTO TRANSAZIONE VALUES ('VBUKWICKYBEFJGWU', 'NexaFinance', 1281.11, 'MonetaFlow', '2021-06-24 23:31:27');
INSERT INTO TRANSAZIONE VALUES ('BZNWKWIUBKHPPJZC', 'NexaFinance', 901.89, 'MonetaShield', '2022-05-25 15:43:28');
INSERT INTO TRANSAZIONE VALUES ('WKINGRJMBOPSKBXV', 'HarborTrust', 1300.6, 'BancaNet Connect', '2021-06-29 16:41:32');
INSERT INTO TRANSAZIONE VALUES ('TUUBFSBUUAMMUJZY', 'FirstChoiceFinance', 2004.97, 'MoneyMover', '2023-05-03 08:02:36');
INSERT INTO TRANSAZIONE VALUES ('UIMKCSADXXONGGAA', 'SafeInvestment', 1057.92, 'FinanzaLink', '2019-09-12 22:37:37');
INSERT INTO TRANSAZIONE VALUES ('TYAJGYMRKUYWYPQV', 'CapitalSecure', 1524.79, 'EasyExchange', '2022-08-07 14:34:53');
INSERT INTO TRANSAZIONE VALUES ('UUUPQDMWNIHFNBVR', 'Hamlin, Hamlin & McGill (HHM)', 1087.03, 'PayGuard Pro', '2019-09-02 21:48:02');
INSERT INTO TRANSAZIONE VALUES ('VNPVBPKNJAFSYXQL', 'SavingsFirst', 1126.68, 'FinanzaTrust', '2022-03-13 22:00:07');
INSERT INTO TRANSAZIONE VALUES ('FNJIBVITYMQMSEWF', 'Liberty Bank', 4405.45, 'CapitalNet', '2021-10-28 12:20:16');
INSERT INTO TRANSAZIONE VALUES ('ABSKVKJJIFAEWSVC', 'CapitalSecure', 1308.45, 'BancaNet Connect', '2022-06-28 18:17:22');
INSERT INTO TRANSAZIONE VALUES ('AVRVWGLRHYIOYFRU', 'NexaFinance', 532.52, 'CapitalCrossing', '2022-07-10 21:50:03');
INSERT INTO TRANSAZIONE VALUES ('UADVXIFVGIWOEFJY', 'WealthLink Bank', 836.95, 'CapitalNet', '2022-06-08 20:24:36');
INSERT INTO TRANSAZIONE VALUES ('JWOFSQPAFYXUVOZB', 'EcoCredit', 1595.8, 'TransaFondo', '2022-08-03 13:06:36');
INSERT INTO TRANSAZIONE VALUES ('HMLKVUCOGMPVYRCM', 'Banca del Futuro', 1198.27, 'FinanzaLink', '2022-03-20 14:52:00');
INSERT INTO TRANSAZIONE VALUES ('HEIEYNLJSSBOTHIH', 'FirstChoiceFinance', 1985.4, 'TrustFund Express', '2022-02-10 01:37:00');
INSERT INTO TRANSAZIONE VALUES ('XAQRRNEKXJYBEWOC', 'EcoCredit', 525.47, 'PagamentiPlus', '2021-04-27 01:37:49');
INSERT INTO TRANSAZIONE VALUES ('VHUTQTHBHGDNPWTY', 'UniCassa', 860.35, 'MonetaShield', '2022-06-08 03:22:59');
INSERT INTO TRANSAZIONE VALUES ('AMALOTPADYTNMBAY', 'TrustWave', 1292.0, 'MoneyMover', '2022-03-09 12:44:20');
INSERT INTO TRANSAZIONE VALUES ('JOZVXAHMIMUJSOIC', 'GlobalTrust Bank', 1946.92, 'TrustFund Express', '2022-02-17 22:57:24');
INSERT INTO TRANSAZIONE VALUES ('RKJELBXGQIFQRWOS', 'SecureSavings', 2198.79, 'MonetaFlow', '2022-02-08 18:50:37');
INSERT INTO TRANSAZIONE VALUES ('MTMNMEWTXFGHMRNI', 'SecureSavings', 1934.29, 'MonetaShield', '2021-04-26 02:30:45');
INSERT INTO TRANSAZIONE VALUES ('UXKJSMPCVPOKRQBJ', 'FirstChoiceFinance', 881.46, 'MonetaFlow', '2022-05-25 18:05:31');
INSERT INTO TRANSAZIONE VALUES ('SXNOZQSMKKCVURIN', 'Sunrise Savings', 1188.56, 'FinanzaTrust', '2023-05-13 11:36:38');
INSERT INTO TRANSAZIONE VALUES ('CVVTXEEYGAAIAXQZ', 'EcoCredit', 1193.51, 'EasyExchange', '2022-03-20 14:46:50');
INSERT INTO TRANSAZIONE VALUES ('PQLEEUGUWVBSKPVE', 'CapitalSecure', 873.14, 'FinanzaSwift', '2022-05-30 23:56:24');
INSERT INTO TRANSAZIONE VALUES ('NPHGKHRVXKESIJNM', 'TrustWave', 961.42, 'CapitalCrossing', '2021-05-13 14:08:55');
INSERT INTO TRANSAZIONE VALUES ('PMAHKEAGZCQLJQTM', 'FirstChoiceFinance', 679.3, 'TransaFondo', '2023-05-11 00:22:17');
INSERT INTO TRANSAZIONE VALUES ('JJSOCYLCDTXVESLV', 'TrustBank', 1217.97, 'BancaNet Connect', '2022-03-22 14:58:21');
INSERT INTO TRANSAZIONE VALUES ('UBNJDWRARSMTGKCH', 'CapitalSecure', 1074.84, 'FinanzaLink', '2022-02-07 15:52:51');
INSERT INTO TRANSAZIONE VALUES ('ADVYUEBGJMIKMFVU', 'Banca del Futuro', 1341.15, 'BancaNet Connect', '2023-05-11 03:59:25');
INSERT INTO TRANSAZIONE VALUES ('LEWFGKDHWUHNPHFB', 'HarborTrust', 1032.99, 'MoneyMover', '2019-09-21 18:14:57');
INSERT INTO TRANSAZIONE VALUES ('KBKLJQHXEOHUMWUP', 'TrustBank', 594.28, 'SecurePay Connect', '2023-04-25 07:47:13');
INSERT INTO TRANSAZIONE VALUES ('QTGESVTSZHRTJGQJ', 'RisparmiSicuri', 2530.89, 'PayGuard Pro', '2021-06-13 01:53:09');
INSERT INTO TRANSAZIONE VALUES ('ZBWLTBWOIBRZIHDN', 'Hamlin, Hamlin & McGill (HHM)', 1514.78, 'MoneyMover', '2023-05-10 17:33:46');
INSERT INTO TRANSAZIONE VALUES ('WSWJBNDJHFZBBKPE', 'TransactTrust', 670.41, 'CashWave', '2023-05-13 13:37:11');
INSERT INTO TRANSAZIONE VALUES ('KPIGJELAXHGAHFNH', 'Liberty Bank', 628.54, 'BancaLink Global', '2021-04-18 05:16:49');
INSERT INTO TRANSAZIONE VALUES ('DOOYOEZKHYDRHUBP', 'SavingsFirst', 613.36, 'TrustFund Express', '2021-05-08 12:56:38');
INSERT INTO TRANSAZIONE VALUES ('EHTLQTNVBYKLIZWP', 'Liberty Bank', 541.61, 'MonetaShield', '2021-05-02 06:56:15');
INSERT INTO PRENOTAZIONE VALUES('IWCTPHVMTCGNACUN', 'Enzo79_Campano@lambda.mail.it', 2, 5);
INSERT INTO PRENOTAZIONE VALUES('PFVXYYDVEZQPSEIC', 'Rosina.Pavanello@lambda.mail.it', 2, 7);
INSERT INTO PRENOTAZIONE VALUES('ASDNZJWDTRFALRQL', 'Donna.Pozzecco@lambda.mail.it', 1, 4);
INSERT INTO PRENOTAZIONE VALUES('EPVMYSHOKOIOOFRG', 'Fulvio85.Passalacqua@fastmail.org', 1, 11);
INSERT INTO PRENOTAZIONE VALUES('ITVWSUNZTYPXRMJX', 'Valerio.Foà@fastmail.org', 2, 14);
INSERT INTO PRENOTAZIONE VALUES('YYYWZRLUQMAAYUXQ', 'Roberta.Cociarelli@email.com', 3, 12);
INSERT INTO PRENOTAZIONE VALUES('VNLJJKBXABGQFVEY', 'daniel92@example.net', 1, 0);
INSERT INTO PRENOTAZIONE VALUES('DJMWTPWTNGOEKRJH', 'Simone.Modugno@fastmail.org', 1, 10);
INSERT INTO PRENOTAZIONE VALUES('XLOKGITDIKAGFVGU', 'Licia78.Donatoni@email.com', 2, 12);
INSERT INTO PRENOTAZIONE VALUES('GNEAQSXSOVXUCXOL', 'Lara66_Polesel@email.com', 2, 4);
INSERT INTO PRENOTAZIONE VALUES('HWSZWHRJJWGGDRRG', 'Annibale.Boezio@fastmail.org', 3, 3);
INSERT INTO PRENOTAZIONE VALUES('JVJUOPXUJBLJWLEW', 'Erika81.Asmundo@lambda.mail.it', 1, 6);
INSERT INTO PRENOTAZIONE VALUES('UDLWMVRCKCGXJLJS', 'Bettina.Cortese@email.com', 1, 1);
INSERT INTO PRENOTAZIONE VALUES('URJICSWWIRYHNNXU', 'Fabia.Bonino@lambda.mail.it', 1, 6);
INSERT INTO PRENOTAZIONE VALUES('UKBKSETVKAZHHZTB', 'Annibale.Boezio@fastmail.org', 2, 7);
INSERT INTO PRENOTAZIONE VALUES('NKGSEBQFTEXTYFXT', 'Giulio.Simeoni@fastmail.org', 1, 8);
INSERT INTO PRENOTAZIONE VALUES('LEWCQEZXBWUTGFWG', 'Simone.Modugno@fastmail.org', 2, 3);
INSERT INTO PRENOTAZIONE VALUES('MGNGPGHMCDAAVQHN', 'Teresa.Guidotti@fastmail.org', 2, 7);
INSERT INTO PRENOTAZIONE VALUES('XNNFDZGBRLFRLJIL', 'Annibale.Boezio@fastmail.org', 1, 1);
INSERT INTO PRENOTAZIONE VALUES('SNYSZSLRZOIOEQQK', 'Fabia.Bonino@lambda.mail.it', 3, 3);
INSERT INTO PRENOTAZIONE VALUES('PFLYASXVBVEYZJMW', 'Marina82_Bosurgi@email.com', 1, 13);
INSERT INTO PRENOTAZIONE VALUES('RHOTIQCYCKSKHFOV', 'Rosina73_Saragat@lambda.mail.it', 1, 8);
INSERT INTO PRENOTAZIONE VALUES('VBUKWICKYBEFJGWU', 'Valerio.Foà@fastmail.org', 1, 8);
INSERT INTO PRENOTAZIONE VALUES('BZNWKWIUBKHPPJZC', 'Antonella72_Taccola@email.com', 1, 6);
INSERT INTO PRENOTAZIONE VALUES('WKINGRJMBOPSKBXV', 'Fabia.Bonino@lambda.mail.it', 1, 8);
INSERT INTO PRENOTAZIONE VALUES('TUUBFSBUUAMMUJZY', 'Berenice.Luxardo@email.com', 3, 2);
INSERT INTO PRENOTAZIONE VALUES('UIMKCSADXXONGGAA', 'Annibale.Boezio@fastmail.org', 1, 13);
INSERT INTO PRENOTAZIONE VALUES('TYAJGYMRKUYWYPQV', 'Fabia.Bonino@lambda.mail.it', 3, 9);
INSERT INTO PRENOTAZIONE VALUES('UUUPQDMWNIHFNBVR', 'Alessandro.Leblanc@fastmail.org', 1, 13);
INSERT INTO PRENOTAZIONE VALUES('VNPVBPKNJAFSYXQL', 'Marina82_Bosurgi@email.com', 1, 5);
INSERT INTO PRENOTAZIONE VALUES('FNJIBVITYMQMSEWF', 'Virginia.Piacentini@email.com', 3, 3);
INSERT INTO PRENOTAZIONE VALUES('ABSKVKJJIFAEWSVC', 'Paoletta.Travaglio@lambda.mail.it', 3, 10);
INSERT INTO PRENOTAZIONE VALUES('AVRVWGLRHYIOYFRU', 'Adamo67.Jovinelli@fastmail.org', 1, 10);
INSERT INTO PRENOTAZIONE VALUES('UADVXIFVGIWOEFJY', 'Donna.Pozzecco@lambda.mail.it', 1, 6);
INSERT INTO PRENOTAZIONE VALUES('JWOFSQPAFYXUVOZB', 'Adamo67.Jovinelli@fastmail.org', 3, 9);
INSERT INTO PRENOTAZIONE VALUES('HMLKVUCOGMPVYRCM', 'Lara66_Polesel@email.com', 1, 5);
INSERT INTO PRENOTAZIONE VALUES('HEIEYNLJSSBOTHIH', 'Marina82_Bosurgi@email.com', 2, 14);
INSERT INTO PRENOTAZIONE VALUES('XAQRRNEKXJYBEWOC', 'Roberta.Cociarelli@email.com', 1, 11);
INSERT INTO PRENOTAZIONE VALUES('VHUTQTHBHGDNPWTY', 'Annibale.Boezio@fastmail.org', 1, 6);
INSERT INTO PRENOTAZIONE VALUES('AMALOTPADYTNMBAY', 'Roberta.Cociarelli@email.com', 1, 5);
INSERT INTO PRENOTAZIONE VALUES('JOZVXAHMIMUJSOIC', 'Evangelista100.Giacometti@fastmail.org', 2, 14);
INSERT INTO PRENOTAZIONE VALUES('RKJELBXGQIFQRWOS', 'Berenice.Luxardo@email.com', 2, 14);
INSERT INTO PRENOTAZIONE VALUES('MTMNMEWTXFGHMRNI', 'daniel92@example.net', 2, 4);
INSERT INTO PRENOTAZIONE VALUES('UXKJSMPCVPOKRQBJ', 'Adamo67.Jovinelli@fastmail.org', 1, 6);
INSERT INTO PRENOTAZIONE VALUES('SXNOZQSMKKCVURIN', 'Lara66_Polesel@email.com', 2, 2);
INSERT INTO PRENOTAZIONE VALUES('CVVTXEEYGAAIAXQZ', 'Virginia.Piacentini@email.com', 1, 5);
INSERT INTO PRENOTAZIONE VALUES('PQLEEUGUWVBSKPVE', 'Marina82_Bosurgi@email.com', 1, 6);
INSERT INTO PRENOTAZIONE VALUES('NPHGKHRVXKESIJNM', 'Fabia.Bonino@lambda.mail.it', 1, 4);
INSERT INTO PRENOTAZIONE VALUES('PMAHKEAGZCQLJQTM', 'Virginia.Piacentini@email.com', 1, 2);
INSERT INTO PRENOTAZIONE VALUES('JJSOCYLCDTXVESLV', 'Adamo67.Jovinelli@fastmail.org', 1, 5);
INSERT INTO PRENOTAZIONE VALUES('UBNJDWRARSMTGKCH', 'Erika81.Asmundo@lambda.mail.it', 1, 14);
INSERT INTO PRENOTAZIONE VALUES('ADVYUEBGJMIKMFVU', 'Annunziata.Fornaciari@email.com', 2, 2);
INSERT INTO PRENOTAZIONE VALUES('LEWFGKDHWUHNPHFB', 'Virginia.Piacentini@email.com', 1, 13);
INSERT INTO PRENOTAZIONE VALUES('KBKLJQHXEOHUMWUP', 'Giulio.Simeoni@fastmail.org', 1, 2);
INSERT INTO PRENOTAZIONE VALUES('QTGESVTSZHRTJGQJ', 'daniel92@example.net', 2, 8);
INSERT INTO PRENOTAZIONE VALUES('ZBWLTBWOIBRZIHDN', 'Fabia.Bonino@lambda.mail.it', 2, 2);
INSERT INTO PRENOTAZIONE VALUES('WSWJBNDJHFZBBKPE', 'Donna.Pozzecco@lambda.mail.it', 1, 2);
INSERT INTO PRENOTAZIONE VALUES('KPIGJELAXHGAHFNH', 'Micheletto.Mazzacurati@fastmail.org', 1, 11);
INSERT INTO PRENOTAZIONE VALUES('DOOYOEZKHYDRHUBP', 'Teresa.Guidotti@fastmail.org', 1, 11);
INSERT INTO PRENOTAZIONE VALUES('EHTLQTNVBYKLIZWP', 'Annibale.Boezio@fastmail.org', 1, 11);
INSERT INTO INFORMAZIONI_TRASPORTO VALUES ('PFVXYYDVEZQPSEIC', '244.02');
INSERT INTO INFORMAZIONI_TRASPORTO VALUES ('ASDNZJWDTRFALRQL', '74.6');
INSERT INTO INFORMAZIONI_TRASPORTO VALUES ('EPVMYSHOKOIOOFRG', '102.44');
INSERT INTO INFORMAZIONI_TRASPORTO VALUES ('ITVWSUNZTYPXRMJX', '359.53');
INSERT INTO INFORMAZIONI_TRASPORTO VALUES ('YYYWZRLUQMAAYUXQ', '949.85');
INSERT INTO INFORMAZIONI_TRASPORTO VALUES ('VNLJJKBXABGQFVEY', '94.43');
INSERT INTO INFORMAZIONI_TRASPORTO VALUES ('DJMWTPWTNGOEKRJH', '77.63');
INSERT INTO INFORMAZIONI_TRASPORTO VALUES ('XLOKGITDIKAGFVGU', '256.7');
INSERT INTO INFORMAZIONI_TRASPORTO VALUES ('GNEAQSXSOVXUCXOL', '207.92');
INSERT INTO INFORMAZIONI_TRASPORTO VALUES ('HWSZWHRJJWGGDRRG', '491.36');
INSERT INTO INFORMAZIONI_TRASPORTO VALUES ('JVJUOPXUJBLJWLEW', '74.55');
INSERT INTO INFORMAZIONI_TRASPORTO VALUES ('URJICSWWIRYHNNXU', '161.38');
INSERT INTO INFORMAZIONI_TRASPORTO VALUES ('UKBKSETVKAZHHZTB', '179.74');
INSERT INTO INFORMAZIONI_TRASPORTO VALUES ('NKGSEBQFTEXTYFXT', '91.44');
INSERT INTO INFORMAZIONI_TRASPORTO VALUES ('LEWCQEZXBWUTGFWG', '190.16');
INSERT INTO INFORMAZIONI_TRASPORTO VALUES ('MGNGPGHMCDAAVQHN', '203.76');
INSERT INTO INFORMAZIONI_TRASPORTO VALUES ('XNNFDZGBRLFRLJIL', '97.7');
INSERT INTO INFORMAZIONI_TRASPORTO VALUES ('SNYSZSLRZOIOEQQK', '175.91');
INSERT INTO INFORMAZIONI_TRASPORTO VALUES ('PFLYASXVBVEYZJMW', '90.7');
INSERT INTO INFORMAZIONI_TRASPORTO VALUES ('RHOTIQCYCKSKHFOV', '61.55');
INSERT INTO INFORMAZIONI_TRASPORTO VALUES ('VBUKWICKYBEFJGWU', '81.36');
INSERT INTO INFORMAZIONI_TRASPORTO VALUES ('BZNWKWIUBKHPPJZC', '120.88');
INSERT INTO INFORMAZIONI_TRASPORTO VALUES ('WKINGRJMBOPSKBXV', '100.85');
INSERT INTO INFORMAZIONI_TRASPORTO VALUES ('TUUBFSBUUAMMUJZY', '222.13');
INSERT INTO INFORMAZIONI_TRASPORTO VALUES ('UIMKCSADXXONGGAA', '79.83');
INSERT INTO INFORMAZIONI_TRASPORTO VALUES ('TYAJGYMRKUYWYPQV', '219.4');
INSERT INTO INFORMAZIONI_TRASPORTO VALUES ('UUUPQDMWNIHFNBVR', '108.94');
INSERT INTO INFORMAZIONI_TRASPORTO VALUES ('FNJIBVITYMQMSEWF', '904.69');
INSERT INTO INFORMAZIONI_TRASPORTO VALUES ('AVRVWGLRHYIOYFRU', '96.37');
INSERT INTO INFORMAZIONI_TRASPORTO VALUES ('UADVXIFVGIWOEFJY', '55.94');
INSERT INTO INFORMAZIONI_TRASPORTO VALUES ('JWOFSQPAFYXUVOZB', '290.41');
INSERT INTO INFORMAZIONI_TRASPORTO VALUES ('HMLKVUCOGMPVYRCM', '71.59');
INSERT INTO INFORMAZIONI_TRASPORTO VALUES ('HEIEYNLJSSBOTHIH', '210.14');
INSERT INTO INFORMAZIONI_TRASPORTO VALUES ('XAQRRNEKXJYBEWOC', '62.88');
INSERT INTO INFORMAZIONI_TRASPORTO VALUES ('VHUTQTHBHGDNPWTY', '79.34');
INSERT INTO INFORMAZIONI_TRASPORTO VALUES ('AMALOTPADYTNMBAY', '165.32');
INSERT INTO INFORMAZIONI_TRASPORTO VALUES ('JOZVXAHMIMUJSOIC', '171.66');
INSERT INTO INFORMAZIONI_TRASPORTO VALUES ('RKJELBXGQIFQRWOS', '423.53');
INSERT INTO INFORMAZIONI_TRASPORTO VALUES ('MTMNMEWTXFGHMRNI', '199.71');
INSERT INTO INFORMAZIONI_TRASPORTO VALUES ('UXKJSMPCVPOKRQBJ', '100.45');
INSERT INTO INFORMAZIONI_TRASPORTO VALUES ('CVVTXEEYGAAIAXQZ', '66.82');
INSERT INTO INFORMAZIONI_TRASPORTO VALUES ('PQLEEUGUWVBSKPVE', '92.13');
INSERT INTO INFORMAZIONI_TRASPORTO VALUES ('NPHGKHRVXKESIJNM', '94.13');
INSERT INTO INFORMAZIONI_TRASPORTO VALUES ('PMAHKEAGZCQLJQTM', '85.02');
INSERT INTO INFORMAZIONI_TRASPORTO VALUES ('JJSOCYLCDTXVESLV', '91.29');
INSERT INTO INFORMAZIONI_TRASPORTO VALUES ('UBNJDWRARSMTGKCH', '187.21');
INSERT INTO INFORMAZIONI_TRASPORTO VALUES ('ADVYUEBGJMIKMFVU', '152.59');
INSERT INTO INFORMAZIONI_TRASPORTO VALUES ('LEWFGKDHWUHNPHFB', '54.9');
INSERT INTO INFORMAZIONI_TRASPORTO VALUES ('QTGESVTSZHRTJGQJ', '131.39');
INSERT INTO INFORMAZIONI_TRASPORTO VALUES ('ZBWLTBWOIBRZIHDN', '326.22');
INSERT INTO INFORMAZIONI_TRASPORTO VALUES ('WSWJBNDJHFZBBKPE', '76.13');
INSERT INTO INFORMAZIONI_TRASPORTO VALUES ('KPIGJELAXHGAHFNH', '165.95');
INSERT INTO INFORMAZIONI_TRASPORTO VALUES ('DOOYOEZKHYDRHUBP', '150.77');
INSERT INTO INFORMAZIONI_TRASPORTO VALUES ('EHTLQTNVBYKLIZWP', '79.02');
INSERT INTO andata VALUES ('PFVXYYDVEZQPSEIC', 0);
INSERT INTO ritorno VALUES ('PFVXYYDVEZQPSEIC', 1);
INSERT INTO andata VALUES ('ASDNZJWDTRFALRQL', 2);
INSERT INTO ritorno VALUES ('ASDNZJWDTRFALRQL', 3);
INSERT INTO andata VALUES ('EPVMYSHOKOIOOFRG', 4);
INSERT INTO ritorno VALUES ('EPVMYSHOKOIOOFRG', 5);
INSERT INTO andata VALUES ('ITVWSUNZTYPXRMJX', 6);
INSERT INTO andata VALUES ('ITVWSUNZTYPXRMJX', 7);
INSERT INTO ritorno VALUES ('ITVWSUNZTYPXRMJX', 8);
INSERT INTO ritorno VALUES ('ITVWSUNZTYPXRMJX', 9);
INSERT INTO andata VALUES ('YYYWZRLUQMAAYUXQ', 10);
INSERT INTO andata VALUES ('YYYWZRLUQMAAYUXQ', 11);
INSERT INTO andata VALUES ('YYYWZRLUQMAAYUXQ', 12);
INSERT INTO ritorno VALUES ('YYYWZRLUQMAAYUXQ', 13);
INSERT INTO ritorno VALUES ('YYYWZRLUQMAAYUXQ', 14);
INSERT INTO ritorno VALUES ('YYYWZRLUQMAAYUXQ', 15);
INSERT INTO andata VALUES ('VNLJJKBXABGQFVEY', 16);
INSERT INTO ritorno VALUES ('VNLJJKBXABGQFVEY', 17);
INSERT INTO andata VALUES ('DJMWTPWTNGOEKRJH', 18);
INSERT INTO ritorno VALUES ('DJMWTPWTNGOEKRJH', 19);
INSERT INTO andata VALUES ('XLOKGITDIKAGFVGU', 20);
INSERT INTO andata VALUES ('XLOKGITDIKAGFVGU', 21);
INSERT INTO ritorno VALUES ('XLOKGITDIKAGFVGU', 22);
INSERT INTO ritorno VALUES ('XLOKGITDIKAGFVGU', 23);
INSERT INTO andata VALUES ('GNEAQSXSOVXUCXOL', 24);
INSERT INTO ritorno VALUES ('GNEAQSXSOVXUCXOL', 25);
INSERT INTO andata VALUES ('HWSZWHRJJWGGDRRG', 26);
INSERT INTO andata VALUES ('HWSZWHRJJWGGDRRG', 27);
INSERT INTO ritorno VALUES ('HWSZWHRJJWGGDRRG', 28);
INSERT INTO ritorno VALUES ('HWSZWHRJJWGGDRRG', 29);
INSERT INTO andata VALUES ('JVJUOPXUJBLJWLEW', 30);
INSERT INTO ritorno VALUES ('JVJUOPXUJBLJWLEW', 31);
INSERT INTO andata VALUES ('URJICSWWIRYHNNXU', 32);
INSERT INTO andata VALUES ('URJICSWWIRYHNNXU', 33);
INSERT INTO ritorno VALUES ('URJICSWWIRYHNNXU', 34);
INSERT INTO ritorno VALUES ('URJICSWWIRYHNNXU', 35);
INSERT INTO andata VALUES ('UKBKSETVKAZHHZTB', 36);
INSERT INTO ritorno VALUES ('UKBKSETVKAZHHZTB', 37);
INSERT INTO andata VALUES ('NKGSEBQFTEXTYFXT', 38);
INSERT INTO ritorno VALUES ('NKGSEBQFTEXTYFXT', 39);
INSERT INTO andata VALUES ('LEWCQEZXBWUTGFWG', 40);
INSERT INTO ritorno VALUES ('LEWCQEZXBWUTGFWG', 41);
INSERT INTO andata VALUES ('MGNGPGHMCDAAVQHN', 42);
INSERT INTO ritorno VALUES ('MGNGPGHMCDAAVQHN', 43);
INSERT INTO andata VALUES ('XNNFDZGBRLFRLJIL', 44);
INSERT INTO ritorno VALUES ('XNNFDZGBRLFRLJIL', 45);
INSERT INTO andata VALUES ('SNYSZSLRZOIOEQQK', 46);
INSERT INTO ritorno VALUES ('SNYSZSLRZOIOEQQK', 47);
INSERT INTO andata VALUES ('PFLYASXVBVEYZJMW', 48);
INSERT INTO ritorno VALUES ('PFLYASXVBVEYZJMW', 49);
INSERT INTO andata VALUES ('RHOTIQCYCKSKHFOV', 50);
INSERT INTO ritorno VALUES ('RHOTIQCYCKSKHFOV', 51);
INSERT INTO andata VALUES ('VBUKWICKYBEFJGWU', 52);
INSERT INTO ritorno VALUES ('VBUKWICKYBEFJGWU', 53);
INSERT INTO andata VALUES ('BZNWKWIUBKHPPJZC', 54);
INSERT INTO ritorno VALUES ('BZNWKWIUBKHPPJZC', 55);
INSERT INTO andata VALUES ('WKINGRJMBOPSKBXV', 56);
INSERT INTO ritorno VALUES ('WKINGRJMBOPSKBXV', 57);
INSERT INTO andata VALUES ('TUUBFSBUUAMMUJZY', 58);
INSERT INTO ritorno VALUES ('TUUBFSBUUAMMUJZY', 59);
INSERT INTO andata VALUES ('UIMKCSADXXONGGAA', 60);
INSERT INTO ritorno VALUES ('UIMKCSADXXONGGAA', 61);
INSERT INTO andata VALUES ('TYAJGYMRKUYWYPQV', 62);
INSERT INTO ritorno VALUES ('TYAJGYMRKUYWYPQV', 63);
INSERT INTO andata VALUES ('UUUPQDMWNIHFNBVR', 64);
INSERT INTO ritorno VALUES ('UUUPQDMWNIHFNBVR', 65);
INSERT INTO andata VALUES ('FNJIBVITYMQMSEWF', 66);
INSERT INTO andata VALUES ('FNJIBVITYMQMSEWF', 67);
INSERT INTO andata VALUES ('FNJIBVITYMQMSEWF', 68);
INSERT INTO ritorno VALUES ('FNJIBVITYMQMSEWF', 69);
INSERT INTO ritorno VALUES ('FNJIBVITYMQMSEWF', 70);
INSERT INTO ritorno VALUES ('FNJIBVITYMQMSEWF', 71);
INSERT INTO andata VALUES ('AVRVWGLRHYIOYFRU', 72);
INSERT INTO ritorno VALUES ('AVRVWGLRHYIOYFRU', 73);
INSERT INTO andata VALUES ('UADVXIFVGIWOEFJY', 74);
INSERT INTO ritorno VALUES ('UADVXIFVGIWOEFJY', 75);
INSERT INTO andata VALUES ('JWOFSQPAFYXUVOZB', 76);
INSERT INTO ritorno VALUES ('JWOFSQPAFYXUVOZB', 77);
INSERT INTO andata VALUES ('HMLKVUCOGMPVYRCM', 78);
INSERT INTO ritorno VALUES ('HMLKVUCOGMPVYRCM', 79);
INSERT INTO andata VALUES ('HEIEYNLJSSBOTHIH', 80);
INSERT INTO ritorno VALUES ('HEIEYNLJSSBOTHIH', 81);
INSERT INTO andata VALUES ('XAQRRNEKXJYBEWOC', 82);
INSERT INTO ritorno VALUES ('XAQRRNEKXJYBEWOC', 83);
INSERT INTO andata VALUES ('VHUTQTHBHGDNPWTY', 84);
INSERT INTO ritorno VALUES ('VHUTQTHBHGDNPWTY', 85);
INSERT INTO andata VALUES ('AMALOTPADYTNMBAY', 86);
INSERT INTO andata VALUES ('AMALOTPADYTNMBAY', 87);
INSERT INTO ritorno VALUES ('AMALOTPADYTNMBAY', 88);
INSERT INTO ritorno VALUES ('AMALOTPADYTNMBAY', 89);
INSERT INTO andata VALUES ('JOZVXAHMIMUJSOIC', 90);
INSERT INTO ritorno VALUES ('JOZVXAHMIMUJSOIC', 91);
INSERT INTO andata VALUES ('RKJELBXGQIFQRWOS', 92);
INSERT INTO andata VALUES ('RKJELBXGQIFQRWOS', 93);
INSERT INTO andata VALUES ('RKJELBXGQIFQRWOS', 94);
INSERT INTO ritorno VALUES ('RKJELBXGQIFQRWOS', 95);
INSERT INTO ritorno VALUES ('RKJELBXGQIFQRWOS', 96);
INSERT INTO ritorno VALUES ('RKJELBXGQIFQRWOS', 97);
INSERT INTO andata VALUES ('MTMNMEWTXFGHMRNI', 98);
INSERT INTO ritorno VALUES ('MTMNMEWTXFGHMRNI', 99);
INSERT INTO andata VALUES ('UXKJSMPCVPOKRQBJ', 100);
INSERT INTO ritorno VALUES ('UXKJSMPCVPOKRQBJ', 101);
INSERT INTO andata VALUES ('CVVTXEEYGAAIAXQZ', 102);
INSERT INTO ritorno VALUES ('CVVTXEEYGAAIAXQZ', 103);
INSERT INTO andata VALUES ('PQLEEUGUWVBSKPVE', 104);
INSERT INTO ritorno VALUES ('PQLEEUGUWVBSKPVE', 105);
INSERT INTO andata VALUES ('NPHGKHRVXKESIJNM', 106);
INSERT INTO ritorno VALUES ('NPHGKHRVXKESIJNM', 107);
INSERT INTO andata VALUES ('PMAHKEAGZCQLJQTM', 108);
INSERT INTO ritorno VALUES ('PMAHKEAGZCQLJQTM', 109);
INSERT INTO andata VALUES ('JJSOCYLCDTXVESLV', 110);
INSERT INTO ritorno VALUES ('JJSOCYLCDTXVESLV', 111);
INSERT INTO andata VALUES ('UBNJDWRARSMTGKCH', 112);
INSERT INTO andata VALUES ('UBNJDWRARSMTGKCH', 113);
INSERT INTO ritorno VALUES ('UBNJDWRARSMTGKCH', 114);
INSERT INTO ritorno VALUES ('UBNJDWRARSMTGKCH', 115);
INSERT INTO andata VALUES ('ADVYUEBGJMIKMFVU', 116);
INSERT INTO ritorno VALUES ('ADVYUEBGJMIKMFVU', 117);
INSERT INTO andata VALUES ('LEWFGKDHWUHNPHFB', 118);
INSERT INTO ritorno VALUES ('LEWFGKDHWUHNPHFB', 119);
INSERT INTO andata VALUES ('QTGESVTSZHRTJGQJ', 120);
INSERT INTO ritorno VALUES ('QTGESVTSZHRTJGQJ', 121);
INSERT INTO andata VALUES ('ZBWLTBWOIBRZIHDN', 122);
INSERT INTO andata VALUES ('ZBWLTBWOIBRZIHDN', 123);
INSERT INTO ritorno VALUES ('ZBWLTBWOIBRZIHDN', 124);
INSERT INTO ritorno VALUES ('ZBWLTBWOIBRZIHDN', 125);
INSERT INTO andata VALUES ('WSWJBNDJHFZBBKPE', 126);
INSERT INTO ritorno VALUES ('WSWJBNDJHFZBBKPE', 127);
INSERT INTO andata VALUES ('KPIGJELAXHGAHFNH', 128);
INSERT INTO andata VALUES ('KPIGJELAXHGAHFNH', 129);
INSERT INTO ritorno VALUES ('KPIGJELAXHGAHFNH', 130);
INSERT INTO ritorno VALUES ('KPIGJELAXHGAHFNH', 131);
INSERT INTO andata VALUES ('DOOYOEZKHYDRHUBP', 132);
INSERT INTO andata VALUES ('DOOYOEZKHYDRHUBP', 133);
INSERT INTO ritorno VALUES ('DOOYOEZKHYDRHUBP', 134);
INSERT INTO ritorno VALUES ('DOOYOEZKHYDRHUBP', 135);
INSERT INTO andata VALUES ('EHTLQTNVBYKLIZWP', 136);
INSERT INTO ritorno VALUES ('EHTLQTNVBYKLIZWP', 137);
INSERT INTO RECENSIONE VALUES (0, 1, NULL, 'Fulvio85.Passalacqua@fastmail.org', '2021-06-18', 56, 'Casa Vista Mare');
INSERT INTO RECENSIONE VALUES (1, 1, 'Un''esperienza deludente, non consigliato.', 'Valerio.Foà@fastmail.org', '2022-03-18', 35, 'Hotel Alpino');
INSERT INTO RECENSIONE VALUES (2, 3, NULL, 'Roberta.Cociarelli@email.com', '2020-11-08', 26, 'Hotel Alpino');
INSERT INTO RECENSIONE VALUES (3, 1, 'Un''esperienza terribile, non consigliato a nessuno.', 'daniel92@example.net', '2023-05-03', 35, 'Hotel Alpino');
INSERT INTO RECENSIONE VALUES (4, 4, NULL, 'Licia78.Donatoni@email.com', '2020-11-07', 26, 'Hotel Alpino');
INSERT INTO RECENSIONE VALUES (5, 1, NULL, 'Lara66_Polesel@email.com', '2021-06-13', 0, 'Suite Belle Époque');
INSERT INTO RECENSIONE VALUES (6, 1, 'Strutture vecchie e sporche, non tornerò mai più.', 'Annibale.Boezio@fastmail.org', '2021-11-22', 29, 'Suite Paradiso Blu');
INSERT INTO RECENSIONE VALUES (7, 2, 'Non vale il prezzo che abbiamo pagato, esperienza deludente.', 'Erika81.Asmundo@lambda.mail.it', '2022-07-12', 17, 'Casa Vista Mare');
INSERT INTO RECENSIONE VALUES (8, 1, NULL, 'Fabia.Bonino@lambda.mail.it', '2022-07-23', 17, 'Casa Vista Mare');
INSERT INTO RECENSIONE VALUES (9, 1, 'Non ci tornerei mai, è stata una delusione totale.', 'Annibale.Boezio@fastmail.org', '2020-07-31', 41, 'Hotel Aurora');
INSERT INTO RECENSIONE VALUES (10, 2, 'Un soggiorno deludente, non era come me lo aspettavo.', 'Simone.Modugno@fastmail.org', '2021-12-17', 29, 'Suite Paradiso Blu');
INSERT INTO RECENSIONE VALUES (11, 0, 'Non ci tornerei mai, un''esperienza terribile.', 'Annibale.Boezio@fastmail.org', '2020-06-07', 41, 'Hotel Aurora');
INSERT INTO RECENSIONE VALUES (12, 2, NULL, 'Fabia.Bonino@lambda.mail.it', '2021-11-22', 29, 'Suite Paradiso Blu');
INSERT INTO RECENSIONE VALUES (13, 3, NULL, 'Marina82_Bosurgi@email.com', '2019-11-08', 26, 'Hotel Alpino');
INSERT INTO RECENSIONE VALUES (14, 1, 'Non ci tornerei mai, è stata una delusione totale.', 'Rosina73_Saragat@lambda.mail.it', '2021-08-12', 56, 'Casa Vista Mare');
INSERT INTO RECENSIONE VALUES (15, 2, NULL, 'Valerio.Foà@fastmail.org', '2021-07-27', 56, 'Casa Vista Mare');
INSERT INTO RECENSIONE VALUES (16, 1, 'Un''esperienza terribile, non consigliato a nessuno.', 'Antonella72_Taccola@email.com', '2022-07-26', 17, 'Casa Vista Mare');
INSERT INTO RECENSIONE VALUES (17, 2, NULL, 'Fabia.Bonino@lambda.mail.it', '2021-08-09', 56, 'Casa Vista Mare');
INSERT INTO RECENSIONE VALUES (18, 3, NULL, 'Berenice.Luxardo@email.com', '2023-06-05', 26, 'Hotel Alpino');
INSERT INTO RECENSIONE VALUES (19, 3, 'Mi aspettavo di più, ma alla fine è stata comunque una buona esperienza.', 'Annibale.Boezio@fastmail.org', '2019-10-18', 26, 'Hotel Alpino');
INSERT INTO RECENSIONE VALUES (20, 3, 'Non male, ma c''erano alcune carenze.', 'Fabia.Bonino@lambda.mail.it', '2022-09-16', 2, 'Casa del Laghetto');
INSERT INTO RECENSIONE VALUES (21, 2, 'Non vale il prezzo che abbiamo pagato, esperienza deludente.', 'Marina82_Bosurgi@email.com', '2022-04-09', 0, 'Suite Belle Époque');
INSERT INTO RECENSIONE VALUES (22, 2, NULL, 'Virginia.Piacentini@email.com', '2021-12-19', 29, 'Suite Paradiso Blu');
INSERT INTO RECENSIONE VALUES (23, 4, NULL, 'Adamo67.Jovinelli@fastmail.org', '2022-09-12', 2, 'Casa del Laghetto');
INSERT INTO RECENSIONE VALUES (24, 1, NULL, 'Annibale.Boezio@fastmail.org', '2022-07-15', 17, 'Casa Vista Mare');
INSERT INTO RECENSIONE VALUES (25, 1, NULL, 'Roberta.Cociarelli@email.com', '2022-05-01', 0, 'Suite Belle Époque');
INSERT INTO RECENSIONE VALUES (26, 0, NULL, 'Evangelista100.Giacometti@fastmail.org', '2022-03-27', 35, 'Hotel Alpino');
INSERT INTO RECENSIONE VALUES (27, 2, NULL, 'daniel92@example.net', '2021-06-25', 0, 'Suite Belle Époque');
INSERT INTO RECENSIONE VALUES (28, 2, 'Mi aspettavo di più, non è stato all''altezza delle aspettative.', 'Adamo67.Jovinelli@fastmail.org', '2022-06-29', 17, 'Casa Vista Mare');
INSERT INTO RECENSIONE VALUES (29, 1, 'Un''esperienza deludente, non consigliato.', 'Virginia.Piacentini@email.com', '2022-05-03', 0, 'Suite Belle Époque');
INSERT INTO RECENSIONE VALUES (30, 1, 'Non ci tornerei mai, è stata una delusione totale.', 'Marina82_Bosurgi@email.com', '2022-07-23', 17, 'Casa Vista Mare');
INSERT INTO RECENSIONE VALUES (31, 1, 'Un''esperienza terribile, non consigliato a nessuno.', 'Fabia.Bonino@lambda.mail.it', '2021-06-28', 0, 'Suite Belle Époque');
INSERT INTO RECENSIONE VALUES (32, 3, 'Il personale era gentile, ma le stanze avevano bisogno di manutenzione.', 'Virginia.Piacentini@email.com', '2023-06-08', 26, 'Hotel Alpino');
INSERT INTO RECENSIONE VALUES (33, 1, NULL, 'Adamo67.Jovinelli@fastmail.org', '2022-04-28', 0, 'Suite Belle Époque');
INSERT INTO RECENSIONE VALUES (34, 3, NULL, 'Annunziata.Fornaciari@email.com', '2023-06-18', 26, 'Hotel Alpino');
INSERT INTO RECENSIONE VALUES (35, 3, NULL, 'Virginia.Piacentini@email.com', '2019-10-22', 26, 'Hotel Alpino');
INSERT INTO RECENSIONE VALUES (36, 2, 'Un soggiorno deludente, non era come me lo aspettavo.', 'daniel92@example.net', '2021-07-21', 56, 'Casa Vista Mare');
INSERT INTO RECENSIONE VALUES (37, 3, NULL, 'Fabia.Bonino@lambda.mail.it', '2023-06-09', 26, 'Hotel Alpino');
INSERT INTO RECENSIONE VALUES (38, 2, NULL, 'Teresa.Guidotti@fastmail.org', '2021-06-21', 56, 'Casa Vista Mare');
INSERT INTO RECENSIONE VALUES (39, 1, NULL, 'Annibale.Boezio@fastmail.org', '2021-06-14', 56, 'Casa Vista Mare');
