INSERT INTO Dati_Cliente VALUES ('Benoit75@Benoit@ok.net', 'Eugene', 'Benoit', '1982-05-20', 'M', '+253 124000348');
INSERT INTO Cliente VALUES ('Benoit75@Benoit@ok.net', '!0X2Vc1qu', '2020-05-09 17:05:53');
INSERT INTO Dati_Cliente VALUES ('Gregory.Beck@fastmail.org', 'Gregory', 'Beck', '1978-05-11', 'M', '+886 153230282');
INSERT INTO Cliente VALUES ('Gregory.Beck@fastmail.org', '_O3fkInrR#yei', '2018-08-29 08:15:12');
INSERT INTO Dati_Cliente VALUES ('Marty69@Marty@fastmail.org', 'Matthew', 'Marty', '1986-11-17', 'M', '+883 807150842');
INSERT INTO Cliente VALUES ('Marty69@Marty@fastmail.org', 'MWdG7sMsU23ikq+R&uB!', '2020-01-13 01:16:35');
INSERT INTO Dati_Cliente VALUES ('Ronald.Pons@email.com', 'Ronald', 'Pons', '1982-05-21', 'M', '+672 3 714543910');
INSERT INTO Cliente VALUES ('Ronald.Pons@email.com', ')7YSgeMci5A8', '2018-09-27 07:02:42');
INSERT INTO Dati_Cliente VALUES ('Frank89@Frank@email.com', 'Crystal', 'Frank', '1998-03-29', 'F', '+979 511505520');
INSERT INTO Cliente VALUES ('Frank89@Frank@email.com', '_A(JTuWq*j8#', '2019-09-16 11:16:14');
INSERT INTO Dati_Cliente VALUES ('Anthony.Scholz@email.com', 'Anthony', 'Scholz', '1988-06-19', 'M', '+593 285232756');
INSERT INTO Cliente VALUES ('Anthony.Scholz@email.com', 'GzoycpwuHE$!L09s_U2Kf', '2020-01-12 04:50:50');
INSERT INTO Dati_Cliente VALUES ('Lauren.Lebreton@fastmail.org', 'Lauren', 'Lebreton', '1974-05-23', 'F', '+350 173008691');
INSERT INTO Cliente VALUES ('Lauren.Lebreton@fastmail.org', 'XN5*5g(4kCmCkd$UtRc@YWU', '2018-09-24 21:18:26');
INSERT INTO Dati_Cliente VALUES ('Cimarosa86@Cimarosa@email.com', 'Mary', 'Cimarosa', '1997-11-24', 'F', '+881 1 481077706');
INSERT INTO Cliente VALUES ('Cimarosa86@Cimarosa@email.com', 'xHuLD*rkh6C#VF3Q@2bg', '2019-09-05 16:25:34');
INSERT INTO Dati_Cliente VALUES ('Tanzini72@Tanzini@email.com', 'Audrey', 'Tanzini', '1987-01-21', 'F', '+44 779361534');
INSERT INTO Cliente VALUES ('Tanzini72@Tanzini@email.com', '&0uJFyk%', '2018-09-02 16:55:11');
INSERT INTO Dati_Cliente VALUES ('Ian.Stiebitz@email.com', 'Ian', 'Stiebitz', '1999-07-07', 'M', '+1 869 992719089');
INSERT INTO Cliente VALUES ('Ian.Stiebitz@email.com', '4n5Q85j+0lSCV@)HyP^ijjV', '2020-05-21 09:15:42');
INSERT INTO Dati_Cliente VALUES ('Klemt91@Klemt@fastmail.org', 'Donna', 'Klemt', '1994-03-16', 'F', '+93 754706381');
INSERT INTO Cliente VALUES ('Klemt91@Klemt@fastmail.org', 'Ahn^V9+4Lebq#qEw)0%', '2020-08-01 19:04:53');
INSERT INTO Dati_Cliente VALUES ('Nicholas.Fischer@ok.net', 'Nicholas', 'Fischer', '1989-11-14', 'M', '+1 284 220186848');
INSERT INTO Cliente VALUES ('Nicholas.Fischer@ok.net', '5@lL^Shv(SeSmRxWVKW3U9', '2020-01-19 17:34:17');
INSERT INTO Dati_Cliente VALUES ('Ryan.Wiek@email.com', 'Ryan', 'Wiek', '1995-06-12', 'M', '+299 784080160');
INSERT INTO Cliente VALUES ('Ryan.Wiek@email.com', 'NtnIEr4__*l&RqW_*0oC', '2019-04-29 16:16:28');
INSERT INTO Dati_Cliente VALUES ('Heather.Andre@fastmail.org', 'Heather', 'Andre', '1973-12-26', 'F', '+596 508249269');
INSERT INTO Cliente VALUES ('Heather.Andre@fastmail.org', 'h2O6ZzQY*L0n*WOoZ+Q', '2019-12-13 15:14:20');
INSERT INTO Dati_Cliente VALUES ('Gonzales100@Gonzales@fastmail.org', 'Rebecca', 'Gonzales', '1992-04-10', 'F', '+351 747354000');
INSERT INTO Cliente VALUES ('Gonzales100@Gonzales@fastmail.org', '$#YqEgc59&WbjrI', '2020-01-26 20:36:39');
INSERT INTO Dati_Cliente VALUES ('Janet.Krause@fastmail.org', 'Janet', 'Krause', '1989-07-09', 'F', '+687 017200992');
INSERT INTO Cliente VALUES ('Janet.Krause@fastmail.org', '5!2vNUeW', '2018-09-23 15:32:09');
INSERT INTO Dati_Cliente VALUES ('Alexandria.Robinson@fastmail.org', 'Alexandria', 'Robinson', '1985-10-12', 'F', '+58 250700300');
INSERT INTO Cliente VALUES ('Alexandria.Robinson@fastmail.org', 'lgSe^VHp_9v2Bh6pba', '2019-04-20 22:53:20');
INSERT INTO Dati_Cliente VALUES ('Benthin91@Benthin@email.com', 'Jose', 'Benthin', '1994-04-28', 'M', '+263 002489451');
INSERT INTO Cliente VALUES ('Benthin91@Benthin@email.com', 'AiLplqEFG@#&k3Wb', '2020-06-13 22:22:18');
INSERT INTO Dati_Cliente VALUES ('Logan73@Logan@ok.net', 'Chloe', 'Logan', '1986-12-29', 'F', '+250 375100740');
INSERT INTO Cliente VALUES ('Logan73@Logan@ok.net', 'd1vtxe9o*GB', '2018-09-25 13:14:10');
INSERT INTO Dati_Cliente VALUES ('Trapp87@Trapp@ok.net', 'Sarah', 'Trapp', '1998-06-13', 'F', '+673 654611877');
INSERT INTO Cliente VALUES ('Trapp87@Trapp@ok.net', 's)FR3V!7CWfDX$0u9HS9', '2019-01-13 11:36:52');
INSERT INTO Dati_Cliente VALUES ('Scott.Brunel@fastmail.org', 'Scott', 'Brunel', '1979-12-18', 'M', '+595 237582571');
INSERT INTO Cliente VALUES ('Scott.Brunel@fastmail.org', '^JSgCJZ&KFw%IIwB3!M6k8', '2020-08-17 15:41:33');
INSERT INTO Dati_Cliente VALUES ('Gina.Reichmann@ok.net', 'Gina', 'Reichmann', '1992-09-11', 'F', '+82 763778570');
INSERT INTO Cliente VALUES ('Gina.Reichmann@ok.net', 'p$)Q3*CSgn82U_', '2019-08-25 02:44:09');
INSERT INTO Dati_Cliente VALUES ('Guillaume71@Guillaume@email.com', 'Steven', 'Guillaume', '1993-06-02', 'M', '+856 622358332');
INSERT INTO Cliente VALUES ('Guillaume71@Guillaume@email.com', 'gsV9dv5_L!37#3Cx', '2018-11-14 10:49:05');
INSERT INTO Dati_Cliente VALUES ('Bradley.Giusti@email.com', 'Bradley', 'Giusti', '1977-01-08', 'M', '+679 334088601');
INSERT INTO Cliente VALUES ('Bradley.Giusti@email.com', '@^JNn#1g)qvBKT9S29K2R7', '2020-04-26 12:51:47');
INSERT INTO Dati_Cliente VALUES ('Lisa.Mies@ok.net', 'Lisa', 'Mies', '1999-04-11', 'F', '+1 670 476048487');
INSERT INTO Cliente VALUES ('Lisa.Mies@ok.net', '#D+2YTOt', '2018-12-31 22:40:07');
INSERT INTO Compagnia VALUES ('team@SeaStarCruises.com', '(79JzfwmTz2Tkoh+8uTEwTIX', '2018-12-28 21:40:53', 'SeaStar Cruises', 'SKCL');
INSERT INTO Compagnia VALUES ('team@SpeedTrackTrains.com', '+D!9O9J0kUKD!ftbb7X^BsnR', '2019-11-20 09:34:18', 'SpeedTrack Trains', 'KJFK');
INSERT INTO Compagnia VALUES ('team@RiverRideCruises.com', 'fHO@OmcVj9%0RDyx3TCxuVfc', '2020-06-14 14:25:43', 'RiverRide Cruises', 'KDSM');
INSERT INTO INFORMAZIONI_BAGAGLI VALUES ('1', '11', '5');
INSERT INTO INFORMAZIONI_BAGAGLI VALUES ('6', '5', NULL);
INSERT INTO INFORMAZIONI_BAGAGLI VALUES ('7', '7', '19');
INSERT INTO INFORMAZIONI_BAGAGLI VALUES ('4', '4', '24');
INSERT INTO INFORMAZIONI_BAGAGLI VALUES ('0', '11', '12');
INSERT INTO INFORMAZIONI_BAGAGLI VALUES ('3', NULL, '12');
INSERT INTO INFORMAZIONI_BAGAGLI VALUES ('9', '4', '9');
INSERT INTO INFORMAZIONI_BAGAGLI VALUES ('2', '3', '8');
INSERT INTO INFORMAZIONI_BAGAGLI VALUES ('5', '9', '6');
INSERT INTO Citta VALUES ('22','Millet', 'Francia');
INSERT INTO Citta VALUES ('9','Françoisnec', 'Francia');
INSERT INTO Citta VALUES ('18','Rostock', 'Germania');
INSERT INTO Citta VALUES ('5','Port Sara', 'Stati Uniti');
INSERT INTO Citta VALUES ('20','Ottava', 'Italia');
INSERT INTO Citta VALUES ('24','Mccallberg', 'Stati Uniti');
INSERT INTO Citta VALUES ('6','Sainte Noëldan', 'Francia');
INSERT INTO Citta VALUES ('3','Saint Henriette', 'Francia');
INSERT INTO Citta VALUES ('27','Kaiserslautern', 'Germania');
INSERT INTO Citta VALUES ('16','Ledoux', 'Francia');
INSERT INTO Citta VALUES ('11','Santo Stefano Di Campobasso', 'Italia');
INSERT INTO Citta VALUES ('12','Arcisate', 'Italia');
INSERT INTO Citta VALUES ('17','Hughesfurt', 'Stati Uniti');
INSERT INTO Citta VALUES ('13','Maciasstad', 'Stati Uniti');
INSERT INTO Citta VALUES ('0','Quinzanello', 'Italia');
INSERT INTO Citta VALUES ('8','Borgata Casalotti', 'Italia');
INSERT INTO Citta VALUES ('7','Erding', 'Germania');
INSERT INTO Citta VALUES ('25','Camellino', 'Italia');
INSERT INTO Citta VALUES ('14','Christophertown', 'Stati Uniti');
INSERT INTO Citta VALUES ('29','East Jenniferside', 'Stati Uniti');
INSERT INTO Citta VALUES ('1','Torralba', 'Italia');
INSERT INTO Citta VALUES ('2','Montebello Vicentino', 'Italia');
INSERT INTO Citta VALUES ('4','Paris', 'Francia');
INSERT INTO Citta VALUES ('21','Marchand-sur-Thibault', 'Francia');
INSERT INTO Citta VALUES ('28','Albe', 'Italia');
INSERT INTO Citta VALUES ('10','Batignano', 'Italia');
INSERT INTO Citta VALUES ('15','Smithview', 'Stati Uniti');
INSERT INTO Citta VALUES ('26','Regensburg', 'Germania');
INSERT INTO Citta VALUES ('19','Donnas', 'Italia');
INSERT INTO Citta VALUES ('23','Lemgo', 'Germania');
INSERT INTO AGENZIA VALUES ('support@VoyageVistas.com', 'Bsyi8aWHA%)0KZi$m*', '2022-01-20 05:01:56', 'Voyage Vistas', 14, '82434 Graves Glen');
INSERT INTO AGENZIA VALUES ('support@CosmicExpeditions.com', ')dktW30tuIKWXBno', '2020-07-31 11:15:15', 'Cosmic Expeditions', 6, '1511 Michael Fall');
INSERT INTO AGENZIA VALUES ('support@SunriseAdventures.com', 'hL8O1PsBw2kXmeet)j%%Q!', '2020-02-25 05:48:21', 'Sunrise Adventures', 7, '6851 Logan Brooks Apt. 205');
INSERT INTO Polizza VALUES(1,'Polizza di Viaggio Completa','La Polizza di Viaggio Completa è la scelta ideale per chi desidera massima tranquillità durante il proprio viaggio. Questa polizza offre una copertura estesa che si estende ben oltre le situazioni di base, garantendoti una protezione completa.

Copertura Principale:
1. Assistenza Medica all''Estero: La polizza copre le spese mediche necessarie dovute a malattie o infortuni durante il viaggio, inclusa l''evacuazione medica di emergenza in qualsiasi parte del mondo.
2. Annullamento del Viaggio: Se il tuo viaggio viene annullato per qualsiasi motivo, sarai rimborsato per le spese non rimborsabili sostenute per la prenotazione del viaggio.
3. Ritardo o Cancellazione del Volo: In caso di ritardi o cancellazioni dei voli, la polizza ti coprirà per le spese extra sostenute, come alloggio di lusso, pasti e trasporti alternativi.
4. Bagaglio Smarrito o Danneggiato: Se il tuo bagaglio viene smarrito o danneggiato durante il viaggio, la polizza fornirà una copertura completa per il recupero o la sostituzione dei tuoi effetti personali, incluso il valore degli oggetti di valore.
5. Assistenza Legale: Se incontri situazioni legali inaspettate durante il viaggio, questa polizza offre un ampio supporto legale e copre le spese legali.
6. Copertura per Attività Speciali: Questa polizza include coperture speciali per attività avventurose come sport estremi, immersioni subacquee e alpinismo.

Periodo di Copertura: La Polizza di Viaggio Completa è disponibile per il periodo specifico del biaggio
Assistenza 24/7: Siamo disponibili 24 ore al giorno, 7 giorni alla settimana, per fornirti supporto e assistenza in caso di emergenza ovunque tu sia nel mondo.

Con la Polizza di Viaggio Completa, viaggiare diventa un''esperienza senza preoccupazioni, sapendo che sei protetto in qualsiasi situazione imprevista che potresti incontrare durante il tuo viaggio.');
INSERT INTO Polizza VALUES(2,'Polizza di Viaggio Covid19','La Polizza di Viaggio con Copertura COVID-19 è stata progettata per affrontare le sfide specifiche legate alla pandemia di COVID-19 durante i tuoi viaggi. Questa polizza offre una copertura speciale per garantire la tua sicurezza e la tranquillità durante il viaggio in un periodo di incertezza.

Copertura Principale:

1. Copertura per Spese Mediche COVID-19: La polizza copre le spese mediche necessarie dovute al COVID-19 durante il viaggio, inclusi i test diagnostici, il trattamento e, se necessario, l''evacuazione medica.
2. Annullamento del Viaggio a Causa del COVID-19: Se il tuo viaggio viene annullato a causa del COVID-19, sarai rimborsato per le spese non rimborsabili sostenute per la prenotazione del viaggio.
3. Quarantena Obbligatoria: Se sei costretto a sottoporsi a quarantena durante il viaggio a causa del COVID-19, la polizza coprirà le spese extra sostenute, come alloggio e pasti.
4. Assistenza Legale COVID-19: Se incontri situazioni legali inaspettate legate al COVID-19 durante il viaggio, questa polizza può fornire assistenza legale e coprire le spese legali necessarie.

Periodo di Copertura: La Polizza di Viaggio con Copertura COVID-19 è disponibile per il periodo specifico del tuo viaggio e può essere estesa per coprire eventuali cambiamenti nei tuoi piani dovuti al COVID-19.
Assistenza 24/7: Siamo disponibili 24 ore al giorno, 7 giorni alla settimana, per fornirti supporto e assistenza in caso di emergenza legata al COVID-19 durante il viaggio.

Con la Polizza di Viaggio con Copertura COVID-19, puoi esplorare il mondo con la sicurezza di una copertura completa contro gli imprevisti legati alla pandemia.
');
INSERT INTO Polizza VALUES(3,'Polizza di Viaggio Pets','Descrizione: La Polizza di Viaggio per Animali Domestici è pensata per i viaggiatori che desiderano portare con sé i loro amici a quattro zampe. Questa polizza fornisce una copertura speciale per la salute e la sicurezza dei tuoi animali domestici durante il viaggio.

Copertura Principale:
1. Assistenza Medica all''Estero: La polizza copre le spese mediche necessarie dovute a malattie o infortuni durante il viaggio. Questa copertura include anche l''evacuazione medica di emergenza, se necessario.
2. Assistenza Veterinaria all''Estero: La polizza copre le spese veterinarie necessarie dovute a malattie o infortuni del tuo animale domestico durante il viaggio, inclusa la possibilità di visite presso le cliniche veterinarie locali.
3. Annullamento del Viaggio a Causa dell''Animale Domestico: Se devi annullare il viaggio a causa di un infortunio o una malattia del tuo animale domestico, sarai rimborsato per le spese non rimborsabili sostenute per la prenotazione del viaggio.
4. Custodia Temporanea dell''Animale: Se, a seguito di un infortunio o di un problema di salute, non puoi prenderti cura del tuo animale domestico durante il viaggio, la polizza coprirà le spese relative alla custodia temporanea.
5. Assistenza Legale: Se incontri situazioni legali inaspettate riguardanti te o il tuo animale domestico durante il viaggio, questa polizza può fornire assistenza legale e coprire le spese legali necessarie.

Periodo di Copertura: La Polizza di Viaggio per Animali Domestici è disponibile per il periodo specifico del tuo viaggio.
Assistenza 24/7: Siamo disponibili 24 ore al giorno, 7 giorni alla settimana, per fornirti supporto e assistenza in caso di emergenza legata al tuo animale domestico durante il viaggio.

Con la Polizza di Viaggio per Animali Domestici, puoi goderti il tuo viaggio con la sicurezza di avere il benessere del tuo amico peloso al centro delle tue preoccupazioni.
');
INSERT INTO Polizza VALUES(0,'Polizza di Viaggio Base','La Polizza di Viaggio Base è progettata per offrire una copertura essenziale e affidabile durante il tuo viaggio. Che tu stia pianificando una vacanza breve o un''avventura più lunga, questa polizza ti fornisce la tranquillità di sapere che sei protetto contro una serie di imprevisti.

Copertura Principale:
1. Assistenza Medica all''Estero: La polizza copre le spese mediche necessarie dovute a malattie o infortuni durante il viaggio. Questa copertura include anche l''evacuazione medica di emergenza, se necessario.
2. Annullamento del Viaggio: Se il tuo viaggio viene annullato per motivi coperti dalla polizza, sarai rimborsato per le spese non rimborsabili sostenute per la prenotazione del viaggio.
3. Ritardo o Cancellazione del Volo: In caso di ritardi o cancellazioni dei voli, la polizza ti coprirà per le spese extra sostenute, come alloggio e pasti.
4. Bagaglio Smarrito o Danneggiato: Se il tuo bagaglio viene smarrito o danneggiato durante il viaggio, la polizza fornirà una copertura per il suo recupero o la sostituzione dei tuoi effetti personali.
5. Assistenza Legale: Se incontri situazioni legali inaspettate durante il viaggio, questa polizza può fornire assistenza legale e coprire le spese legali necessarie.

Periodo di Copertura: La polizza di viaggio base è disponibile per un periodo specifico che puoi selezionare in base alle tue esigenze. È possibile scegliere una copertura per un singolo viaggio o una copertura multi-viaggio valida per un anno intero.
Assistenza 24/7: Siamo disponibili 24 ore al giorno, 7 giorni alla settimana, per fornirti supporto e assistenza in caso di emergenza ovunque tu sia nel mondo.
Pacchetto Fondamentale per la Sicurezza: La Polizza di Viaggio Base è il tuo compagno fidato per garantire una protezione fondamentale durante il viaggio. Con tariffe accessibili e una copertura essenziale, puoi viaggiare con fiducia sapendo che sei protetto in caso di imprevisti.

Ti consigliamo di esaminare attentamente i dettagli del contratto e le condizioni di copertura specifiche per garantire che soddisfi tutte le tue esigenze e aspettative durante il viaggio.
');
INSERT INTO DESCRIZIONE VALUES (0, 'Viaggio in luoghi di cinema classico', 'Esplora i set dei classici del cinema in un viaggio che ti farà rivivere le storie epiche delle pellicole d''epoca.');
INSERT INTO DESCRIZIONE VALUES (1, 'Viaggio nell''arte contemporanea', 'Esplora il mondo dell''arte contemporanea in questo viaggio culturale. Gallerie d''arte, installazioni e incontri con artisti ti ispireranno.');
INSERT INTO DESCRIZIONE VALUES (2, 'Viaggio in elicottero', 'Sorvola paesaggi mozzafiato da un elicottero in un''esperienza di viaggio vertiginosa.');
INSERT INTO DESCRIZIONE VALUES (3, 'Viaggio enogastronomico', 'Esplora i sapori del mondo in un viaggio dedicato alla gastronomia. Degusta prelibatezze locali, partecipa a lezioni di cucina e visita vigneti e cantine.');
INSERT INTO DESCRIZIONE VALUES (4, 'Viaggio in tram a cavalli', 'Esplora città storiche in un viaggio a bordo di tram a cavalli. Attraversa quartieri pittoreschi e centri storici.');
INSERT INTO DESCRIZIONE VALUES (5, 'Viaggio in mongolfiera serale', 'Amira il cielo stellato da una mongolfiera in un viaggio serale romantico.');
INSERT INTO DESCRIZIONE VALUES (6, 'Viaggio in kayak di mare', 'Esplora coste remote e isole in un viaggio in kayak di mare. Osserva la vita marina e accampa sulla spiaggia.');
INSERT INTO DESCRIZIONE VALUES (7, 'Viaggio in luoghi d''ispirazione', 'Cerca ispirazione in luoghi noti per aver ispirato artisti, scrittori e filosofi.');
INSERT INTO DESCRIZIONE VALUES (8, 'Viaggio culturale', 'Scopri la storia e la cultura di una destinazione affascinante. Visita musei, siti storici e partecipa a eventi culturali locali per un''esperienza educativa.');
INSERT INTO DESCRIZIONE VALUES (9, 'Viaggio in motocicletta', 'Guida lungo strade panoramiche in un emozionante viaggio in motocicletta. Esplora paesaggi su due ruote.');
INSERT INTO DESCRIZIONE VALUES (10, 'Oasi di Comfort', 'Un luogo confortevole dove poter rilassarsi e godersi la propria privacy.');
INSERT INTO DESCRIZIONE VALUES (11, 'Nascondiglio Segreto', 'Un posto segreto dove poter fuggire per un po'' dal trambusto della vita quotidiana.');
INSERT INTO DESCRIZIONE VALUES (12, 'Oasi di Comfort', 'Un luogo confortevole dove poter rilassarsi e godersi la propria privacy.');
INSERT INTO DESCRIZIONE VALUES (13, 'Oasi di Comfort', 'Un luogo confortevole dove poter rilassarsi e godersi la propria privacy.');
INSERT INTO DESCRIZIONE VALUES (14, 'Soggiorno Sereno', 'Un luogo sereno e silenzioso per staccare la spina e ricaricare le energie.');
INSERT INTO DESCRIZIONE VALUES (15, 'Soggiorno Sereno', 'Un luogo sereno e silenzioso per staccare la spina e ricaricare le energie.');
INSERT INTO DESCRIZIONE VALUES (16, 'Nascondiglio Segreto', 'Un posto segreto dove poter fuggire per un po'' dal trambusto della vita quotidiana.');
INSERT INTO DESCRIZIONE VALUES (17, 'Spazio Intimo', 'Un luogo intimo, perfetto per una coppia in cerca di romanticismo e relax.');
INSERT INTO ALLOGGIO VALUES (6, 'Quiet House', '5', 'Casa', 17, '811 Howard Courts');
INSERT INTO ALLOGGIO VALUES (6, 'Terrace Apartment', '5', 'Appartamento', 12, '507 Williams Garden');
INSERT INTO ALLOGGIO VALUES (10, 'Vineyard Farmhouse', '3', 'Casale', 17, '057 Alvarez Walks Apt. 864');
INSERT INTO ALLOGGIO VALUES (10, 'Forest Cottage', NULL, 'Cottage', 15, '6953 Michael Forge');
INSERT INTO ALLOGGIO VALUES (12, 'Mountain View Bungalow', NULL, 'Bungalow', 10, '2353 Natalie Mountain Suite 926');
INSERT INTO ALLOGGIO VALUES (16, 'Luxury Suite', '3', 'Suite', 17, '28400 Morgan Plaza Apt. 222');
INSERT INTO ALLOGGIO VALUES (19, 'Sea View Bungalow', '2', 'Bungalow', 16, '90622 Anthony Islands');
INSERT INTO ALLOGGIO VALUES (26, 'Lakeside Cottage', '2', 'Cottage', 14, '01992 Emily Light');
INSERT INTO PACCHETTO_VIAGGIO VALUES(0, 1195.31, 1, 3, '2024-03-11', '2024-03-20', 'support@VoyageVistas.com', 1, 0, 12, 'Mountain View Bungalow');
INSERT INTO PACCHETTO_VIAGGIO VALUES(1, 1089.92, 2, 4, '2023-01-22', '2023-02-01', 'support@SunriseAdventures.com', 2, 8, 10, 'Forest Cottage');
INSERT INTO PACCHETTO_VIAGGIO VALUES(2, 445.3, 3, 1, '2020-04-10', '2020-04-15', 'support@CosmicExpeditions.com', 3, 6, 10, 'Forest Cottage');
INSERT INTO PACCHETTO_VIAGGIO VALUES(3, 605.87, 2, 6, '2020-10-04', '2020-10-07', 'support@CosmicExpeditions.com', 2, 9, 16, 'Luxury Suite');
INSERT INTO PACCHETTO_VIAGGIO VALUES(4, 529.53, 3, 1, '2023-02-14', '2023-02-22', 'support@CosmicExpeditions.com', 2, 6, 19, 'Sea View Bungalow');
INSERT INTO PACCHETTO_VIAGGIO VALUES(5, 742.96, 2, 7, '2024-06-20', '2024-07-03', 'support@SunriseAdventures.com', 2, 1, 10, 'Vineyard Farmhouse');
INSERT INTO PACCHETTO_VIAGGIO VALUES(6, 1178.56, 3, 3, '2022-08-21', '2022-09-01', 'support@SunriseAdventures.com', 2, 4, 12, 'Mountain View Bungalow');
INSERT INTO PACCHETTO_VIAGGIO VALUES(7, 814.26, 3, 7, '2020-06-22', '2020-07-05', 'support@VoyageVistas.com', 1, 4, 10, 'Forest Cottage');
INSERT INTO PACCHETTO_VIAGGIO VALUES(8, 1273.64, 4, 1, '2023-04-29', '2023-05-05', 'support@CosmicExpeditions.com', 3, 5, 6, 'Quiet House');
INSERT INTO PACCHETTO_VIAGGIO VALUES(9, 946.8, 3, 6, '2023-05-13', '2023-05-26', 'support@SunriseAdventures.com', 3, 7, 26, 'Lakeside Cottage');
INSERT INTO AEROPORTO VALUES ('XKMG', '0');
INSERT INTO AEROPORTO VALUES ('HOGU', '10');
INSERT INTO AEROPORTO VALUES ('JSSS', '22');
INSERT INTO AEROPORTO VALUES ('BNMT', '11');
INSERT INTO AEROPORTO VALUES ('TGDN', '16');
INSERT INTO AEROPORTO VALUES ('YYNS', '20');
INSERT INTO AEROPORTO VALUES ('YUOX', '14');
INSERT INTO AEROPORTO VALUES ('CBIX', '18');
INSERT INTO AEROPORTO VALUES ('AYNJ', '1');
INSERT INTO AEROPORTO VALUES ('FETQ', '28');
INSERT INTO VOLO VALUES(0, 'Business Deluxe', 'Aeroporto', 132.642, 'team@RiverRideCruises.com', 'XKMG', '2020-04-10 13:12:20', 'HOGU', '2020-04-10 14:12:20', 7);
INSERT INTO VOLO VALUES(2, 'Economy Standard', 'Online', 66.69, 'team@SpeedTrackTrains.com', 'JSSS', '2020-06-22 20:30:17', 'HOGU', '2020-06-23 04:30:17', 2);
INSERT INTO VOLO VALUES(4, 'Economy Plus', 'Aeroporto', 85.72300000000001, 'team@RiverRideCruises.com', 'BNMT', '2020-04-10 17:03:12', 'HOGU', '2020-04-10 21:03:12', 2);
INSERT INTO VOLO VALUES(6, 'Prima Classe', 'Aeroporto', 136.24, 'team@SeaStarCruises.com', 'TGDN', '2020-04-10 09:31:34', 'HOGU', '2020-04-10 17:31:34', 3);
INSERT INTO VOLO VALUES(8, 'Business Deluxe', 'Aeroporto', 94.35600000000001, 'team@SeaStarCruises.com', 'BNMT', '2020-04-10 09:22:00', 'HOGU', '2020-04-10 18:22:00', 3);
INSERT INTO VOLO VALUES(10, 'Premium Economy', 'Online', 65.724, 'team@RiverRideCruises.com', 'YYNS', '2020-06-22 02:10:48', 'HOGU', '2020-06-22 09:10:48', 2);
INSERT INTO VOLO VALUES(12, 'Economy', 'Aeroporto', 62.74, 'team@SpeedTrackTrains.com', 'YUOX', '2020-06-22 20:02:37', 'HOGU', '2020-06-23 05:02:37', 1);
INSERT INTO VOLO VALUES(14, 'Premium Economy', 'Online', 53.34, 'team@SpeedTrackTrains.com', 'CBIX', '2020-06-22 05:05:18', 'HOGU', '2020-06-22 12:05:18', 9);
INSERT INTO VOLO VALUES(16, 'Economy', 'Online', 42.07, 'team@SpeedTrackTrains.com', 'AYNJ', '2020-04-10 11:03:55', 'HOGU', '2020-04-10 17:03:55', 2);
INSERT INTO VOLO VALUES(18, 'Economy Standard', 'Online', 42.08, 'team@SpeedTrackTrains.com', 'FETQ', '2020-06-22 16:08:46', 'HOGU', '2020-06-22 20:08:46', 0);
INSERT INTO VOLO VALUES(20, 'Prima Classe', 'Online', 129.78, 'team@SeaStarCruises.com', 'FETQ', '2020-06-22 16:54:55', 'HOGU', '2020-06-22 20:54:55', 4);
INSERT INTO VOLO VALUES(22, 'Premium Economy', 'Aeroporto', 87.92399999999999, 'team@SpeedTrackTrains.com', 'BNMT', '2020-04-10 20:40:19', 'HOGU', '2020-04-11 04:40:19', 7);
INSERT INTO VOLO VALUES(1, 'Economy Plus', 'Aeroporto', 58.48700000000001, 'team@SpeedTrackTrains.com', 'HOGU', '2020-04-15 02:21:45', 'XKMG', '2020-04-15 03:21:45', 7);
INSERT INTO VOLO VALUES(3, 'Premium Economy', 'Aeroporto', 90.15599999999999, 'team@SpeedTrackTrains.com', 'HOGU', '2020-07-05 01:15:00', 'JSSS', '2020-07-05 09:15:00', 2);
INSERT INTO VOLO VALUES(5, 'Economy Plus', 'Aeroporto', 44.253, 'team@SpeedTrackTrains.com', 'HOGU', '2020-04-15 11:31:44', 'BNMT', '2020-04-15 15:31:44', 2);
INSERT INTO VOLO VALUES(7, 'Economy', 'Online', 51.31, 'team@SeaStarCruises.com', 'HOGU', '2020-04-15 09:08:37', 'TGDN', '2020-04-15 17:08:37', 3);
INSERT INTO VOLO VALUES(9, 'Premium Economy', 'Online', 52.98, 'team@RiverRideCruises.com', 'HOGU', '2020-04-15 17:57:43', 'BNMT', '2020-04-16 02:57:43', 3);
INSERT INTO VOLO VALUES(11, 'Business Deluxe', 'Online', 125.42400000000002, 'team@SeaStarCruises.com', 'HOGU', '2020-07-05 13:27:17', 'YYNS', '2020-07-05 20:27:17', 2);
INSERT INTO VOLO VALUES(13, 'Prima Classe', 'Online', 153.0, 'team@SeaStarCruises.com', 'HOGU', '2020-07-05 23:04:00', 'YUOX', '2020-07-06 08:04:00', 1);
INSERT INTO VOLO VALUES(15, 'Economy Plus', 'Online', 67.32000000000001, 'team@SpeedTrackTrains.com', 'HOGU', '2020-07-05 16:43:43', 'CBIX', '2020-07-05 23:43:43', 9);
INSERT INTO VOLO VALUES(17, 'Prima Classe', 'Aeroporto', 93.0, 'team@SeaStarCruises.com', 'HOGU', '2020-04-15 03:07:44', 'AYNJ', '2020-04-15 09:07:44', 2);
INSERT INTO VOLO VALUES(19, 'Business Deluxe', 'Aeroporto', 126.41400000000002, 'team@RiverRideCruises.com', 'HOGU', '2020-07-05 16:46:22', 'FETQ', '2020-07-05 20:46:22', 0);
INSERT INTO VOLO VALUES(21, 'Prima Classe', 'Online', 104.16, 'team@RiverRideCruises.com', 'HOGU', '2020-07-05 14:42:15', 'FETQ', '2020-07-05 18:42:15', 4);
INSERT INTO VOLO VALUES(23, 'Business Deluxe', 'Online', 122.004, 'team@SeaStarCruises.com', 'HOGU', '2020-04-15 22:00:40', 'BNMT', '2020-04-16 06:00:40', 7);

INSERT INTO TRANSAZIONE VALUES ('VMZVDNOBCFOTOFTU', 'WealthLink Bank', 1909.29, 'CapitalNet', '2020-03-14 16:17:32');
INSERT INTO TRANSAZIONE VALUES ('HUNMYWFXYIYIVSNF', 'TrustBank', 2913.32, 'BancaNet Connect', '2020-06-11 08:57:49');
INSERT INTO TRANSAZIONE VALUES ('NGNKXJEPGPWJNLSG', 'Prosperity Bank', 575.28, 'MonetaShield', '2020-03-29 15:53:48');
INSERT INTO TRANSAZIONE VALUES ('WUDKJOCCIKLBQSTM', 'TransactTrust', 1265.7, 'CapitalNet', '2020-03-18 22:30:59');
INSERT INTO TRANSAZIONE VALUES ('PVRONIGYBHTMCMVT', 'Prosperity Bank', 1185.27, 'BancaNet Connect', '2020-03-10 16:47:28');
INSERT INTO TRANSAZIONE VALUES ('YZQJIAEKWAKHKHZF', 'InnovaBank', 2010.82, 'FinanzaTrust', '2020-06-11 13:19:01');
INSERT INTO TRANSAZIONE VALUES ('TPAUQYFXENZOVDRE', 'Prosperity Bank', 2060.0, 'MonetaSecure', '2020-06-07 15:16:42');
INSERT INTO TRANSAZIONE VALUES ('TAFKKVBGUUDVWEER', 'UniCassa', 934.92, 'FinanzaLink', '2020-06-04 19:16:31');
INSERT INTO TRANSAZIONE VALUES ('GNACUNLSPFVXYYDV', 'GlobalTrust Bank', 580.37, 'BancaLink Global', '2020-04-01 23:39:28');
INSERT INTO TRANSAZIONE VALUES ('QPSEICIEKBVKFLFY', 'SavingsFirst', 2948.26, 'CashFlow Connect', '2020-05-29 10:20:41');
INSERT INTO TRANSAZIONE VALUES ('JMZZOASXWEPVMYSH', 'RisparmiSicuri', 1048.2, 'MoneyMover', '2020-06-03 10:34:38');
INSERT INTO TRANSAZIONE VALUES ('IOOFRGSTLKGSOYNL', 'Banca del Futuro', 655.23, 'SecurePay Connect', '2020-03-23 03:43:50');

INSERT INTO PRENOTAZIONE VALUES('VMZVDNOBCFOTOFTU', 3, 2);
INSERT INTO PRENOTAZIONE VALUES('HUNMYWFXYIYIVSNF', 3, 7);
INSERT INTO PRENOTAZIONE VALUES('NGNKXJEPGPWJNLSG', 1, 2);
INSERT INTO PRENOTAZIONE VALUES('WUDKJOCCIKLBQSTM', 2, 2);
INSERT INTO PRENOTAZIONE VALUES('PVRONIGYBHTMCMVT', 2, 2);
INSERT INTO PRENOTAZIONE VALUES('YZQJIAEKWAKHKHZF', 2, 7);
INSERT INTO PRENOTAZIONE VALUES('TPAUQYFXENZOVDRE', 2, 7);
INSERT INTO PRENOTAZIONE VALUES('TAFKKVBGUUDVWEER', 1, 7);
INSERT INTO PRENOTAZIONE VALUES('GNACUNLSPFVXYYDV', 1, 2);
INSERT INTO PRENOTAZIONE VALUES('QPSEICIEKBVKFLFY', 3, 7);
INSERT INTO PRENOTAZIONE VALUES('JMZZOASXWEPVMYSH', 1, 7);
INSERT INTO PRENOTAZIONE VALUES('IOOFRGSTLKGSOYNL', 1, 2);
INSERT INTO INFORMAZIONI_TRASPORTO VALUES ('VMZVDNOBCFOTOFTU', '573.39');
INSERT INTO INFORMAZIONI_TRASPORTO VALUES ('HUNMYWFXYIYIVSNF', '470.54');
INSERT INTO INFORMAZIONI_TRASPORTO VALUES ('NGNKXJEPGPWJNLSG', '129.98');
INSERT INTO INFORMAZIONI_TRASPORTO VALUES ('WUDKJOCCIKLBQSTM', '375.1');
INSERT INTO INFORMAZIONI_TRASPORTO VALUES ('PVRONIGYBHTMCMVT', '294.67');
INSERT INTO INFORMAZIONI_TRASPORTO VALUES ('YZQJIAEKWAKHKHZF', '382.3');
INSERT INTO INFORMAZIONI_TRASPORTO VALUES ('TPAUQYFXENZOVDRE', '431.48');
INSERT INTO INFORMAZIONI_TRASPORTO VALUES ('TAFKKVBGUUDVWEER', '120.66');
INSERT INTO INFORMAZIONI_TRASPORTO VALUES ('GNACUNLSPFVXYYDV', '135.07');
INSERT INTO INFORMAZIONI_TRASPORTO VALUES ('QPSEICIEKBVKFLFY', '505.48');
INSERT INTO INFORMAZIONI_TRASPORTO VALUES ('JMZZOASXWEPVMYSH', '233.94');
INSERT INTO INFORMAZIONI_TRASPORTO VALUES ('IOOFRGSTLKGSOYNL', '209.93');
INSERT INTO andata VALUES ('VMZVDNOBCFOTOFTU', 0);
INSERT INTO ritorno VALUES ('VMZVDNOBCFOTOFTU', 1);
INSERT INTO andata VALUES ('HUNMYWFXYIYIVSNF', 2);
INSERT INTO ritorno VALUES ('HUNMYWFXYIYIVSNF', 3);
INSERT INTO andata VALUES ('NGNKXJEPGPWJNLSG', 4);
INSERT INTO ritorno VALUES ('NGNKXJEPGPWJNLSG', 5);
INSERT INTO andata VALUES ('WUDKJOCCIKLBQSTM', 6);
INSERT INTO ritorno VALUES ('WUDKJOCCIKLBQSTM', 7);
INSERT INTO andata VALUES ('PVRONIGYBHTMCMVT', 8);
INSERT INTO ritorno VALUES ('PVRONIGYBHTMCMVT', 9);
INSERT INTO andata VALUES ('YZQJIAEKWAKHKHZF', 10);
INSERT INTO ritorno VALUES ('YZQJIAEKWAKHKHZF', 11);
INSERT INTO andata VALUES ('TPAUQYFXENZOVDRE', 12);
INSERT INTO ritorno VALUES ('TPAUQYFXENZOVDRE', 13);
INSERT INTO andata VALUES ('TAFKKVBGUUDVWEER', 14);
INSERT INTO ritorno VALUES ('TAFKKVBGUUDVWEER', 15);
INSERT INTO andata VALUES ('GNACUNLSPFVXYYDV', 16);
INSERT INTO ritorno VALUES ('GNACUNLSPFVXYYDV', 17);
INSERT INTO andata VALUES ('QPSEICIEKBVKFLFY', 18);
INSERT INTO ritorno VALUES ('QPSEICIEKBVKFLFY', 19);
INSERT INTO andata VALUES ('JMZZOASXWEPVMYSH', 20);
INSERT INTO ritorno VALUES ('JMZZOASXWEPVMYSH', 21);
INSERT INTO andata VALUES ('IOOFRGSTLKGSOYNL', 22);
INSERT INTO ritorno VALUES ('IOOFRGSTLKGSOYNL', 23);
INSERT INTO RECENSIONE VALUES (0, 5, 'Vacanza da sogno, il paradiso sulla terra.', 'Scott.Brunel@fastmail.org', '2020-07-25', 10, 'Forest Cottage');
INSERT INTO RECENSIONE VALUES (1, 4, 'Soggiorno piacevole, ma servizio lento.', 'Benthin91@Benthin@email.com', '2020-04-21', 10, 'Forest Cottage');
INSERT INTO RECENSIONE VALUES (2, 5, 'Vacanza da sogno, il paradiso sulla terra.', 'Benoit75@Benoit@ok.net', '2020-04-26', 10, 'Forest Cottage');
INSERT INTO RECENSIONE VALUES (3, 4, 'La nostra vacanza in questo luogo è stata un po'' costosa, ma ne è valsa la pena. La struttura era bellissima, con un servizio eccellente. Ci siamo divertiti molto!', 'Klemt91@Klemt@fastmail.org', '2020-07-26', 10, 'Forest Cottage');
INSERT INTO RECENSIONE VALUES (4, 5, 'Una vacanza da sogno, tutto era perfetto!', 'Klemt91@Klemt@fastmail.org', '2020-07-30', 10, 'Forest Cottage');
INSERT INTO RECENSIONE VALUES (5, 5, 'La nostra vacanza in questo luogo è stata un vero e proprio sogno. La struttura era fantastica, con servizi di altissimo livello. Il personale era impeccabile. Consigliatissimo!', 'Klemt91@Klemt@fastmail.org', '2020-07-11', 10, 'Forest Cottage');
INSERT INTO RECENSIONE VALUES (6, 5, 'Vacanza fantastica, servizio impeccabile.', 'Ian.Stiebitz@email.com', '2020-04-26', 10, 'Forest Cottage');
INSERT INTO RECENSIONE VALUES (7, 4, 'La nostra vacanza in questo luogo è stata un po'' costosa, ma ne è valsa la pena. La struttura era bellissima, il personale molto professionale. Ci siamo divertiti molto!', 'Scott.Brunel@fastmail.org', '2020-07-19', 10, 'Forest Cottage');
INSERT INTO RECENSIONE VALUES (8, 5, 'Una vacanza indimenticabile, tutto perfetto!', 'Scott.Brunel@fastmail.org', '2020-07-22', 10, 'Forest Cottage');
INSERT INTO RECENSIONE VALUES (9, 4, 'Soggiorno piacevole, ma servizio lento.', 'Benoit75@Benoit@ok.net', '2020-04-17', 10, 'Forest Cottage');

select * from (pacchetto_viaggio join alloggio on pacchetto_viaggio.id_citta_alloggio = alloggio.id_citta and pacchetto_viaggio.nome_alloggio = alloggio.nome) as J, Citta as C
where J.id_citta = C.id;
